-- phpMyAdmin SQL Dump
-- version 5.1.1
-- https://www.phpmyadmin.net/
--
-- Host: 127.0.0.1
-- Generation Time: Jul 26, 2023 at 11:43 AM
-- Server version: 10.4.21-MariaDB
-- PHP Version: 8.0.11

SET SQL_MODE = "NO_AUTO_VALUE_ON_ZERO";
START TRANSACTION;
SET time_zone = "+00:00";


/*!40101 SET @OLD_CHARACTER_SET_CLIENT=@@CHARACTER_SET_CLIENT */;
/*!40101 SET @OLD_CHARACTER_SET_RESULTS=@@CHARACTER_SET_RESULTS */;
/*!40101 SET @OLD_COLLATION_CONNECTION=@@COLLATION_CONNECTION */;
/*!40101 SET NAMES utf8mb4 */;

--
-- Database: `newsportal`
--

-- --------------------------------------------------------

--
-- Table structure for table `tbladmin`
--

CREATE TABLE `tbladmin` (
  `id` int(11) NOT NULL,
  `AdminUserName` varchar(255) NOT NULL,
  `AdminPassword` varchar(255) NOT NULL,
  `AdminEmailId` varchar(255) NOT NULL,
  `Is_Active` int(11) NOT NULL,
  `CreationDate` timestamp NOT NULL DEFAULT current_timestamp(),
  `UpdationDate` timestamp NULL DEFAULT '0000-00-00 00:00:00' ON UPDATE current_timestamp()
) ENGINE=InnoDB DEFAULT CHARSET=latin1;

--
-- Dumping data for table `tbladmin`
--

INSERT INTO `tbladmin` (`id`, `AdminUserName`, `AdminPassword`, `AdminEmailId`, `Is_Active`, `CreationDate`, `UpdationDate`) VALUES
(1, 'admin', '$2y$12$i4LMfeFPQpGSNPTaccIkKuwxAkJ4PhBr3JND7FpXwWFjRvchQn17C', 'campcodes@gmail.com', 1, '2020-03-27 17:51:00', '2020-04-24 18:21:07');

-- --------------------------------------------------------

--
-- Table structure for table `tblcategory`
--

CREATE TABLE `tblcategory` (
  `id` int(11) NOT NULL,
  `CategoryName` varchar(200) DEFAULT NULL,
  `Description` mediumtext DEFAULT NULL,
  `PostingDate` timestamp NULL DEFAULT current_timestamp(),
  `UpdationDate` timestamp NULL DEFAULT NULL,
  `Is_Active` int(1) DEFAULT NULL
) ENGINE=InnoDB DEFAULT CHARSET=latin1;

--
-- Dumping data for table `tblcategory`
--

INSERT INTO `tblcategory` (`id`, `CategoryName`, `Description`, `PostingDate`, `UpdationDate`, `Is_Active`) VALUES
(1, 'Sports', 'Related to sports news', '2018-06-06 10:35:09', '2018-06-14 11:11:55', 1),
(2, 'Entertainment', 'Entertainment related  News', '2018-06-14 05:32:58', '2018-06-14 05:33:41', 1),
(3, 'Politics', 'Politics', '2018-06-22 15:46:09', '0000-00-00 00:00:00', 1),
(4, 'Industrial', 'Industrial news\r\n', '2023-07-05 07:39:09', NULL, 1),
(5, 'Health', 'Health news', '2023-07-05 07:39:27', NULL, 1),
(6, 'National ', 'National news\r\n', '2023-07-05 07:39:49', NULL, 1),
(7, 'State-news', 'State wise news', '2023-07-05 07:40:18', NULL, 1);

-- --------------------------------------------------------

--
-- Table structure for table `tblcomments`
--

CREATE TABLE `tblcomments` (
  `id` int(11) NOT NULL,
  `postId` char(11) DEFAULT NULL,
  `name` varchar(120) DEFAULT NULL,
  `email` varchar(150) DEFAULT NULL,
  `comment` mediumtext DEFAULT NULL,
  `postingDate` timestamp NULL DEFAULT current_timestamp(),
  `status` int(1) DEFAULT NULL
) ENGINE=InnoDB DEFAULT CHARSET=latin1;

--
-- Dumping data for table `tblcomments`
--

INSERT INTO `tblcomments` (`id`, `postId`, `name`, `email`, `comment`, `postingDate`, `status`) VALUES
(1, '12', 'Anuj', 'anuj@gmail.com', 'Cras sit amet nibh libero, in gravida nulla. Nulla vel metus scelerisque ante sollicitudin. Cras purus odio, vestibulum in vulputate at, tempus viverra turpis.', '2018-11-21 11:06:22', 0),
(2, '12', 'Test user', 'test@gmail.com', 'This is sample text for testing.', '2018-11-21 11:25:56', 1),
(3, '7', 'ABC', 'abc@test.com', 'This is sample text for testing.', '2018-11-21 11:27:06', 1);

-- --------------------------------------------------------

--
-- Table structure for table `tblpages`
--

CREATE TABLE `tblpages` (
  `id` int(11) NOT NULL,
  `PageName` varchar(200) DEFAULT NULL,
  `PageTitle` mediumtext DEFAULT NULL,
  `Description` longtext DEFAULT NULL,
  `PostingDate` timestamp NULL DEFAULT current_timestamp(),
  `UpdationDate` timestamp NULL DEFAULT NULL ON UPDATE current_timestamp()
) ENGINE=InnoDB DEFAULT CHARSET=latin1;

--
-- Dumping data for table `tblpages`
--

INSERT INTO `tblpages` (`id`, `PageName`, `PageTitle`, `Description`, `PostingDate`, `UpdationDate`) VALUES
(1, 'aboutus', 'About News Portal', '<font color=\"#7b8898\" face=\"Mercury SSm A, Mercury SSm B, Georgia, Times, Times New Roman, Microsoft YaHei New, Microsoft Yahei, å¾®è½¯é›…é»‘, å®‹ä½“, SimSun, STXihei, åŽæ–‡ç»†é»‘, serif\"><span style=\"font-size: 26px;\">Lorem ipsum dolor sit amet, consectetur adipiscing elit, sed do eiusmod tempor incididunt ut labore et dolore magna aliqua. Ut enim ad minim veniam, quis nostrud exercitation ullamco laboris nisi ut aliquip ex ea commodo consequat. Duis aute irure dolor in reprehenderit in voluptate velit esse cillum dolore eu fugiat nulla pariatur. Excepteur sint occaecat cupidatat non proident, sunt in culpa qui officia deserunt mollit anim id est laborum.</span></font><br>', '2018-06-30 18:01:03', '2018-06-30 19:19:51'),
(2, 'contactus', 'Contact Details', '<p><br></p><p><b>Address :&nbsp; </b>New Delhi India</p><p><b>Phone Number : </b>+91 -01234567890</p><p><b>Email -id : </b>phpgurukulofficial@gmail.com</p>', '2018-06-30 18:01:36', '2018-06-30 19:23:25');

-- --------------------------------------------------------

--
-- Table structure for table `tblposts`
--

CREATE TABLE `tblposts` (
  `id` int(11) NOT NULL,
  `PostTitle` longtext DEFAULT NULL,
  `CategoryId` int(11) DEFAULT NULL,
  `SubCategoryId` int(11) DEFAULT NULL,
  `PostDetails` longtext CHARACTER SET utf8 DEFAULT NULL,
  `PostingDate` timestamp NULL DEFAULT current_timestamp(),
  `UpdationDate` timestamp NULL DEFAULT NULL ON UPDATE current_timestamp(),
  `Is_Active` int(1) DEFAULT NULL,
  `PostUrl` mediumtext DEFAULT NULL,
  `PostImage` varchar(255) DEFAULT NULL,
  `rating` int(10) NOT NULL DEFAULT 0
) ENGINE=InnoDB DEFAULT CHARSET=latin1;

--
-- Dumping data for table `tblposts`
--

INSERT INTO `tblposts` (`id`, `PostTitle`, `CategoryId`, `SubCategoryId`, `PostDetails`, `PostingDate`, `UpdationDate`, `Is_Active`, `PostUrl`, `PostImage`, `rating`) VALUES
(7, 'Jasprit Bumrah ruled out of England T20I series due to injury', 3, 4, '<p style=\"margin-bottom: 15px; padding: 0px; font-size: 16px; font-family: PTSans, sans-serif;\"><span style=\"margin: 0px; padding: 0px; font-weight: 700;\">The Indian Cricket Team has received a huge blow right ahead of the commencement of the much-awaited series against England. Star speedster Jasprit Bumrah has been ruled out of the forthcoming 3-match T20I series as he suffered an injury in his left thumb.</span></p><p style=\"margin-bottom: 15px; padding: 0px; font-size: 16px; font-family: PTSans, sans-serif;\">The 24-year-old pacer picked up a niggle during India’s first T20I match against Ireland played on June 27 at the Malahide cricket ground in Dublin. As per the reports, he is likely to be available for the ODI series against England scheduled to start from July 12.</p><p style=\"margin-bottom: 15px; padding: 0px; font-size: 16px; font-family: PTSans, sans-serif;\">In the first, Bumrah exhibited a phenomenal performance with the ball. In his quota of four overs, he conceded 19 runs and picked 2 wickets at an economy rate of 4.75.</p><p style=\"margin-bottom: 15px; padding: 0px; font-size: 16px; font-family: PTSans, sans-serif;\">Post his injury, he arrived at team’s optional training session on Thursday but didn’t train. Later, he was rested in the second face-off along with MS Dhoni, Shikhar Dhawan and Bhuvneshwar Kumar.</p><p style=\"margin-bottom: 15px; padding: 0px; font-size: 16px; font-family: PTSans, sans-serif;\">As of now, no replacement has been announced. However, Umesh Yadav may be be given chance in the team in Bumrah’s absence.</p><p style=\"padding: 0px; font-size: 16px; font-family: PTSans, sans-serif;\">The first T20I match between India and England will be played at Old Trafford, Manchester on July 3.</p>', '2018-06-30 18:49:23', '2023-07-07 05:37:42', 1, 'Jasprit-Bumrah-ruled-out-of-England-T20I-series-due-to-injury', '6d08a26c92cf30db69197a1fb7230626.jpg', 6),
(10, 'Tata Steel, Thyssenkrupp Finalise Landmark Steel Deal', 7, 9, '<h1 style=\"box-sizing: inherit; margin-top: 0px; padding: 0px; font-family: Roboto, sans-serif; font-size: 38px; line-height: normal; letter-spacing: -0.5px; color: rgb(51, 51, 51);\"><span itemprop=\"headline\" style=\"box-sizing: inherit;\">Tata Steel, Thyssenkrupp Finalise Landmark Steel Deal</span>Tata Steel, Thyssenkrupp Finalise Landmark Steel DealTata Steel, Thyssenkrupp Finalise Landmark Steel DealTata Steel, Thyssenkrupp Finalise Landmark Steel DealTata Steel, Thyssenkrupp Finalise Landmark Steel Deal</h1>', '2018-06-30 19:08:56', '2023-07-07 05:44:01', 1, 'Tata-Steel,-Thyssenkrupp-Finalise-Landmark-Steel-Deal', '505e59c459d38ce4e740e3c9f5c6caf7.jpg', 8),
(11, 'UNs Jean Pierre Lacroix thanks India for contribution to peacekeeping', 6, 8, '<p>UNs Jean Pierre Lacroix thanks India for contribution to peacekeepingUNs Jean Pierre Lacroix thanks India for contribution to peacekeepingUNs Jean Pierre Lacroix thanks India for contribution to peacekeepingUNs Jean Pierre Lacroix thanks India for contribution to peacekeepingUNs Jean Pierre Lacroix thanks India for contribution to peacekeepingUNs Jean Pierre Lacroix thanks India for contribution to peacekeepingUNs Jean Pierre Lacroix thanks India for contribution to peacekeepingUNs Jean Pierre Lacroix thanks India for contribution to peacekeepingUNs Jean Pierre Lacroix thanks India for contribution to peacekeepingUNs Jean Pierre Lacroix thanks India for contribution to peacekeepingUNs Jean Pierre Lacroix thanks India for contribution to peacekeepingUNs Jean Pierre Lacroix thanks India for contribution to peacekeepingUNs Jean Pierre Lacroix thanks India for contribution to peacekeepingUNs Jean Pierre Lacroix thanks India for contribution to peacekeepingUNs Jean Pierre Lacroix thanks India for contribution to peacekeepingUNs Jean Pierre Lacroix thanks India for contribution to peacekeepingUNs Jean Pierre Lacroix thanks India for contribution to peacekeepingUNs Jean Pierre Lacroix thanks India for contribution to peacekeepingUNs Jean Pierre Lacroix thanks India for contribution to peacekeeping<br></p>', '2018-06-30 19:10:36', '2023-07-06 11:46:37', 1, 'UNs-Jean-Pierre-Lacroix-thanks-India-for-contribution-to-peacekeeping', '27095ab35ac9b89abb8f32ad3adef56a.jpg', 6),
(12, 'Shah holds meeting with NE states leaders in Manipur', 6, 7, '<p><span style=\"color: rgb(25, 25, 25); font-family: &quot;Noto Serif&quot;; font-size: 16px;\">New Delhi: BJP president Amit Shah today held meetings with his party leaders who are in-charge of 11 Lok Sabha seats spread across seven northeast states as part of a drive to ensure that it wins the maximum number of these constituencies in the general election next year.</span><br style=\"box-sizing: inherit; color: rgb(25, 25, 25); font-family: &quot;Noto Serif&quot;; font-size: 16px;\"><br style=\"box-sizing: inherit; color: rgb(25, 25, 25); font-family: &quot;Noto Serif&quot;; font-size: 16px;\"><webviewcontentdata style=\"box-sizing: inherit; color: rgb(25, 25, 25); font-family: &quot;Noto Serif&quot;; font-size: 16px;\">Shah held separate meetings with Lok Sabha toli (group) of Arunachal Pradesh, Tripura, Meghalaya, Mizoram, Nagaland, Sikkim and Manipur in Manipur, the partys media head Anil Baluni said.<br style=\"box-sizing: inherit;\"><br style=\"box-sizing: inherit;\">Baluni said that Shah was in West Bengal for two days before he arrived in Manipur. The BJP chief would reach Odisha tomorrow.</webviewcontentdata><br></p>', '2018-06-30 19:11:44', '2023-07-06 11:46:37', 1, 'Shah-holds-meeting-with-NE-states-leaders-in-Manipur', '7fdc1a630c238af0815181f9faa190f5.jpg', 3),
(13, 'Health', 9, 10, '<p>ffffffffffffffggggggggggggggggg</p>', '2023-07-05 07:42:58', '2023-07-06 11:46:37', 0, 'Health', '04f3e98a921a9dcc16acdf3a767f666c.jpg', 8),
(14, 'Prescriptions surge for kids anxiety medicines', 9, 10, '<p><span style=\"color: rgb(31, 31, 31); font-family: &quot;Google Sans&quot;, &quot;Helvetica Neue&quot;, sans-serif; font-size: 16px;\">Prescriptions surge for kids anxiety medicines.</span><span style=\"color: rgb(31, 31, 31); font-family: &quot;Google Sans&quot;, &quot;Helvetica Neue&quot;, sans-serif; font-size: 16px;\">&nbsp;A new study has found that prescriptions for anxiety medications for children in India have increased by 50% in the past five years. The study, which was conducted by the Indian Psychiatric Society, found that the increase in prescriptions is likely due to the increasing stress levels among children in India</span><br></p>', '2023-07-05 07:47:54', NULL, 1, 'Prescriptions-surge-for-kids-anxiety-medicines', '075b7dfc859563867b34d49abc97bd0c.jpg', 9),
(15, 'Ingn', 5, 3, '<p>rvtrbb</p>', '2023-07-05 07:56:08', '2023-07-07 05:44:01', 0, 'Ingn', '075b7dfc859563867b34d49abc97bd0c.jpg', 3),
(16, 'jjjjjjjjjj', 5, 3, '<p>jjjjjjjjjjjjjjjjjjjjjjjjjjjjjj</p>', '2023-07-05 07:58:32', '2023-07-06 11:46:37', 0, 'jjjjjjjjjj', '075b7dfc859563867b34d49abc97bd0c.jpg', 7),
(17, 'ffffffffff', 5, 3, '<p>ffffffffffffffffffffffff</p>', '2023-07-05 08:00:11', '2023-07-06 11:46:37', 0, 'ffffffffff', '075b7dfc859563867b34d49abc97bd0c.jpg', 8),
(18, 'Kirti Sanon announces his own production house', 2, 12, '<p>Kirti Sanon announces&nbsp;<span style=\"color: rgb(31, 31, 31); font-family: &quot;Google Sans&quot;, &quot;Helvetica Neue&quot;, sans-serif; font-size: 16px;\">The actress has launched her own production house, named KASS Motion Pictures. She will be producing her own films under this banner</span></p>', '2023-07-05 09:45:46', NULL, 1, 'Kirti-Sanon-announces-his-own-production-house', 'ea220c70ad448670f371c28cab81b0d0.jpg', 4),
(19, 'kangna Ranaut new movie Tejas', 2, 12, '<p>Kangana Ranaut New movie Tejas</p>', '2023-07-05 09:48:59', NULL, 1, 'kangna-Ranaut-new-movie-Tejas', '2322cb9dcaf5f5720e725e0b4ea68bdd.jpg', 4),
(20, 'Rocky Aur Rani Ki Prem Kahani trailer out ', 2, 12, '<p><span style=\"color: rgb(31, 31, 31); font-family: &quot;Google Sans&quot;, &quot;Helvetica Neue&quot;, sans-serif; font-size: 16px;\">Rocky Aur Rani Ki Prem Kahani trailer out. Karan johar new movie</span><br></p>', '0000-00-00 00:00:00', '2023-07-06 11:46:37', 1, 'Rocky-Aur-Rani-Ki-Prem-Kahani-trailer-out-', '00669cee471adf959e55750cad7a85ac.jpg', 0),
(21, 'Anupama tops TRP list', 2, 12, '<p><span style=\"color: rgb(31, 31, 31); font-family: &quot;Google Sans&quot;, &quot;Helvetica Neue&quot;, sans-serif; font-size: 16px;\">Anupama tops Ormax TRP list.</span><span style=\"color: rgb(31, 31, 31); font-family: &quot;Google Sans&quot;, &quot;Helvetica Neue&quot;, sans-serif; font-size: 16px;\">&nbsp;The TV show \"Anupama\" has topped the Ormax TRP list for the 26th consecutive week. The show is about a woman who decides to start her own life after her husband abandons her. [</span><br></p>', '2023-07-05 09:52:35', NULL, 1, 'Anupama-tops-TRP-list', '58144eb1b59911744d6fb4a5d1325f66.jpg', 0),
(22, 'WHO DECLARES MOKEYPOX A GLOBAL HEALTH EMERGENCY', 5, 6, '<p><span style=\"color: rgb(31, 31, 31); font-family: &quot;Google Sans&quot;, &quot;Helvetica Neue&quot;, sans-serif; font-size: 16px;\">World Health Organization declares monkeypox a global health emergency.</span><span style=\"color: rgb(31, 31, 31); font-family: &quot;Google Sans&quot;, &quot;Helvetica Neue&quot;, sans-serif; font-size: 16px;\">&nbsp;The WHO has raised the alarm on the growing monkeypox outbreak, calling it a global health emergency.&nbsp;</span><br></p>', '2023-07-05 09:59:09', NULL, 1, 'WHO-DECLARES-MOKEYPOX-A-GLOBAL-HEALTH-EMERGENCY', 'a51ffa4508f9bff80c123a1315a5ac66.jpg', 0),
(23, 'Shri lanka in crisis ', 3, 4, '<p><span style=\"color: rgb(31, 31, 31); font-family: &quot;Google Sans&quot;, &quot;Helvetica Neue&quot;, sans-serif; font-size: 16px;\">Sri Lanka declares state of emergency as economic crisis deepens.</span><span style=\"color: rgb(31, 31, 31); font-family: &quot;Google Sans&quot;, &quot;Helvetica Neue&quot;, sans-serif; font-size: 16px;\">&nbsp;Sri Lanka has declared a state of emergency in their country</span><br></p>', '2023-07-05 10:01:57', NULL, 1, 'Shri-lanka-in-crisis-', 'b4c3f9515a2163b1a62a36f6a0852fc0.jpg', 0),
(24, 'Maharashtra government providing free COVID vaccine to adults', 7, 9, '<p><span style=\"color: rgb(31, 31, 31); font-family: &quot;Google Sans&quot;, &quot;Helvetica Neue&quot;, sans-serif; font-size: 16px;\">Maharashtra government to provide free COVID-19 booster shots to all adults.</span><span style=\"color: rgb(31, 31, 31); font-family: &quot;Google Sans&quot;, &quot;Helvetica Neue&quot;, sans-serif; font-size: 16px;\">&nbsp;The Maharashtra government has announced that it will provide free COVID-19 booster shots to all adults .</span><br></p>', '2023-07-05 10:07:55', NULL, 1, 'Maharashtra-government-providing-free-COVID-vaccine-to-adults', 'd13fc217a72f9ec06e3910b2d90cb6e6.jpg', 0),
(25, 'Mumbai witness heavy rain', 7, 9, '<p><span style=\"color: rgb(31, 31, 31); font-family: &quot;Google Sans&quot;, &quot;Helvetica Neue&quot;, sans-serif; font-size: 16px;\">Mumbai witnesses heavy rainfall, waterlogging reported in some areas.</span><span style=\"color: rgb(31, 31, 31); font-family: &quot;Google Sans&quot;, &quot;Helvetica Neue&quot;, sans-serif; font-size: 16px;\">&nbsp;Mumbai witnessed heavy rainfall on July 4, causing waterlogging in some areas of the city.</span><br></p>', '2023-07-05 10:10:37', NULL, 1, 'Mumbai-witness-heavy-rain', '78dce59d4a15739f99d6be4e8ea2ffbejpeg', 0),
(26, 'Ajit Pawar: No alternative to Narendra Modi in 2024, even Sharad Pawar said so', 3, 4, '<header class=\"mh-loop-header\" style=\"margin: 0px 0px 0.625rem; padding: 0px; border: 0px; font-variant-numeric: inherit; font-variant-east-asian: inherit; font-variant-alternates: inherit; font-stretch: inherit; line-height: inherit; font-family: &quot;Open Sans&quot;, Helvetica, Arial, sans-serif; font-optical-sizing: inherit; font-kerning: inherit; font-feature-settings: inherit; font-variation-settings: inherit; vertical-align: baseline;\"><h3 class=\"entry-title mh-loop-title\" style=\"margin-top: 0px; margin-bottom: 0px; padding: 0px; border: 0px; font-style: inherit; font-variant: inherit; font-weight: 700; font-stretch: inherit; font-size: 1.25rem; line-height: 1.3; font-family: &quot;Open Sans&quot;, Helvetica, Arial, sans-serif; font-optical-sizing: inherit; font-kerning: inherit; font-feature-settings: inherit; font-variation-settings: inherit; vertical-align: baseline; color: rgb(0, 0, 0);\"><br></h3><div class=\"mh-meta mh-loop-meta\" style=\"margin: 5px 0px 0px; padding: 0px; border: 0px; font-style: inherit; font-variant: inherit; font-weight: inherit; font-stretch: inherit; font-size: 0.8125rem; line-height: inherit; font-family: inherit; font-optical-sizing: inherit; font-kerning: inherit; font-feature-settings: inherit; font-variation-settings: inherit; vertical-align: baseline; color: rgb(151, 151, 151);\"><span class=\"mh-meta-comments\" style=\"margin: 0px 10px 0px 0px; padding: 0px; border: 0px; font: inherit; vertical-align: baseline;\"></span></div></header><div class=\"mh-loop-excerpt\" style=\"margin: 0px; padding: 0px; border: 0px; font-variant-numeric: inherit; font-variant-east-asian: inherit; font-variant-alternates: inherit; font-stretch: inherit; line-height: inherit; font-family: &quot;Open Sans&quot;, Helvetica, Arial, sans-serif; font-optical-sizing: inherit; font-kerning: inherit; font-feature-settings: inherit; font-variation-settings: inherit; vertical-align: baseline; overflow: hidden;\"><div class=\"mh-excerpt\" style=\"margin: 0px; padding: 0px; border: 0px; font: inherit; vertical-align: baseline;\"><p style=\"padding: 0px; border: 0px; font: inherit; vertical-align: baseline;\">“There is no alternative to Modi in the 2024 elections… that’s the reality.Even Sharad Pawar Saheb has said this,” Ajit Pawer said. He advised his&nbsp;<a class=\"mh-excerpt-more\" href=\"https://bhaskarlive.in/ajit-pawar-no-alternative-to-narendra-modi-in-2024-even-sharad-pawar-said-so/\" title=\"Ajit Pawar: No alternative to Narendra Modi in 2024, even Sharad Pawar said so\" style=\"margin: 0px; padding: 0px; border: 0px; font: inherit; vertical-align: baseline; color: rgb(0, 0, 0);\">[…]</a></p></div></div>', '2023-07-05 10:25:58', NULL, 1, 'Ajit-Pawar:-No-alternative-to-Narendra-Modi-in-2024,-even-Sharad-Pawar-said-so', '78dce59d4a15739f99d6be4e8ea2ffbejpeg', 0),
(27, 'Odisha govt gives protection to forest officials u/s-197 of CrPC', 6, 8, '<p><span style=\"font-family: &quot;Open Sans&quot;, Helvetica, Arial, sans-serif;\">Bhubaneswar, July 5 (IANS) Following the killing of two forest officials by poachers in Similipal Tiger Reserve (STR), the state government has provided protection to forest officials under section 197 of Code of Criminal Procedure (CrPC).</span><br></p>', '2023-07-05 10:27:08', NULL, 1, 'Odisha-govt-gives-protection-to-forest-officials-u/s-197-of-CrPC', '6b193292de587a3637ddc96582435cea.jpg', 0),
(28, 'Bihar minister not happy with Education dept Secy’s decision on cut in grant', 6, 8, '<p style=\"margin-bottom: 1.25rem; padding: 0px; border: 0px; font-variant-numeric: inherit; font-variant-east-asian: inherit; font-variant-alternates: inherit; font-stretch: inherit; line-height: inherit; font-family: &quot;Open Sans&quot;, Helvetica, Arial, sans-serif; font-optical-sizing: inherit; font-kerning: inherit; font-feature-settings: inherit; font-variation-settings: inherit; vertical-align: baseline;\">Patna, July 5 (IANS) After Bihar education Minister Prof. Chandrashekher,&nbsp;&nbsp;SC-ST minister Ratnesh Sada has expressed dissatisfaction over the recent move of additional Chief Secretary K.K. Pathak&nbsp; to reduce the grant to the Mahadalit Tola Sewak by 25 per cent.</p><p style=\"margin-bottom: 1.25rem; padding: 0px; border: 0px; font-variant-numeric: inherit; font-variant-east-asian: inherit; font-variant-alternates: inherit; font-stretch: inherit; line-height: inherit; font-family: &quot;Open Sans&quot;, Helvetica, Arial, sans-serif; font-optical-sizing: inherit; font-kerning: inherit; font-feature-settings: inherit; font-variation-settings: inherit; vertical-align: baseline;\">As per the fresh guidelines passed by the additional chief secretary, there is a provision to cut the grant of Mahadalit Tola Sewak by 25 per cent if the attendance of students is not 90 per cent in the schools, and the responsibility of maintaining the attendance is on the sewaks .</p>', '2023-07-05 10:29:26', NULL, 1, 'Bihar-minister-not-happy-with-Education-dept-Secy’s-decision-on-cut-in-grant', '494ce890a0d155b77f9561b60265c009.jpg', 0),
(29, 'Telangana HC completes hearing on PIL on land allotment to director Shankar', 7, 9, '<p style=\"margin-bottom: 1.25rem; padding: 0px; border: 0px; font-variant-numeric: inherit; font-variant-east-asian: inherit; font-variant-alternates: inherit; font-stretch: inherit; line-height: inherit; font-family: &quot;Open Sans&quot;, Helvetica, Arial, sans-serif; font-optical-sizing: inherit; font-kerning: inherit; font-feature-settings: inherit; font-variation-settings: inherit; vertical-align: baseline;\">Hyderabad, July 5 (IANS) The Telangana High Court has completed the hearing on PIL challenging land allotment to well-known film director N. Shankar and posted the case for orders on July 7.</p><p style=\"margin-bottom: 1.25rem; padding: 0px; border: 0px; font-variant-numeric: inherit; font-variant-east-asian: inherit; font-variant-alternates: inherit; font-stretch: inherit; line-height: inherit; font-family: &quot;Open Sans&quot;, Helvetica, Arial, sans-serif; font-optical-sizing: inherit; font-kerning: inherit; font-feature-settings: inherit; font-variation-settings: inherit; vertical-align: baseline;\">The state government had allotted 5 acres of land to the director at Mokila village in Rangareddy district near Hyderabad in 2019 for setting up a film studio. The land allotment to the director was challenged through a Public Interest Litigation (PIL).</p>', '2023-07-05 10:31:41', NULL, 1, 'Telangana-HC-completes-hearing-on-PIL-on-land-allotment-to-director-Shankar', '76919230dfb9cc4e634995e67c3ead34.jpg', 0),
(30, 'Gujarat among India’s top 10 states in deposits per capita', 4, 13, '<p style=\"margin-bottom: 1.25rem; padding: 0px; border: 0px; font-variant-numeric: inherit; font-variant-east-asian: inherit; font-variant-alternates: inherit; font-stretch: inherit; line-height: inherit; font-family: &quot;Open Sans&quot;, Helvetica, Arial, sans-serif; font-optical-sizing: inherit; font-kerning: inherit; font-feature-settings: inherit; font-variation-settings: inherit; vertical-align: baseline;\">As of March 31, 2023, the state’s deposits per capita stood at Rs 97,000, positioning it as the ninth-highest among the major states in the country.</p><p style=\"margin-bottom: 1.25rem; padding: 0px; border: 0px; font-variant-numeric: inherit; font-variant-east-asian: inherit; font-variant-alternates: inherit; font-stretch: inherit; line-height: inherit; font-family: &quot;Open Sans&quot;, Helvetica, Arial, sans-serif; font-optical-sizing: inherit; font-kerning: inherit; font-feature-settings: inherit; font-variation-settings: inherit; vertical-align: baseline;\">While several smaller states and union territories boast higher per capita deposits, Gujarat holds a respectable position among its major counterparts.</p><p style=\"margin-bottom: 1.25rem; padding: 0px; border: 0px; font-variant-numeric: inherit; font-variant-east-asian: inherit; font-variant-alternates: inherit; font-stretch: inherit; line-height: inherit; font-family: &quot;Open Sans&quot;, Helvetica, Arial, sans-serif; font-optical-sizing: inherit; font-kerning: inherit; font-feature-settings: inherit; font-variation-settings: inherit; vertical-align: baseline;\">Gujarat generally exhibits a higher level of financial literacy, and a significant portion of the public’s wealth is also invested in other asset classes such as equities, mutual funds, and bullion. This may explain the relatively lower per capita deposits in ban</p>', '2023-07-05 10:37:53', NULL, 1, 'Gujarat-among-India’s-top-10-states-in-deposits-per-capita', '90c352f3f7fa60214f7b925e56fb6f5c.jpg', 0),
(31, 'DGCA, EASA join hands to propel unmanned aircraft systems, air mobility', 4, 13, '<p style=\"margin-bottom: 1.25rem; padding: 0px; border: 0px; font-variant-numeric: inherit; font-variant-east-asian: inherit; font-variant-alternates: inherit; font-stretch: inherit; line-height: inherit; font-family: &quot;Open Sans&quot;, Helvetica, Arial, sans-serif; font-optical-sizing: inherit; font-kerning: inherit; font-feature-settings: inherit; font-variation-settings: inherit; vertical-align: baseline;\">The MoU was signed in Brussels on Tuesday.</p><p style=\"margin-bottom: 1.25rem; padding: 0px; border: 0px; font-variant-numeric: inherit; font-variant-east-asian: inherit; font-variant-alternates: inherit; font-stretch: inherit; line-height: inherit; font-family: &quot;Open Sans&quot;, Helvetica, Arial, sans-serif; font-optical-sizing: inherit; font-kerning: inherit; font-feature-settings: inherit; font-variation-settings: inherit; vertical-align: baseline;\">In a statement, the Ministry said that this collaboration would include cooperation between DGCA and EASA in the areas of development of certification standards and environmental standards and related requirements for the certification and use of unmanned aircraft systems and innovative air mobility operations which includes licensing of personnel, training, air traffic management and infrastructure, including Unmanned Aircraft System Traffic Management (UTM) standards and services.</p><p style=\"margin-bottom: 1.25rem; padding: 0px; border: 0px; font-variant-numeric: inherit; font-variant-east-asian: inherit; font-variant-alternates: inherit; font-stretch: inherit; line-height: inherit; font-family: &quot;Open Sans&quot;, Helvetica, Arial, sans-serif; font-optical-sizing: inherit; font-kerning: inherit; font-feature-settings: inherit; font-variation-settings: inherit; vertical-align: baseline;\">“The MoU will also ensure regular information sharing between the two authorities on the technological developments and research in this area and also their respective strategies for outreach to relevant stakeholders. Further, the MoU will result in collaboration in conducting conferences, workshops, training programmers by DGCA and EASA in this area,” it said.</p>', '2023-07-05 10:39:54', NULL, 1, 'DGCA,-EASA-join-hands-to-propel-unmanned-aircraft-systems,-air-mobility', '431e7de14494fdaa1bcef4fd664ea7b9.jpg', 0),
(32, 'RIL stock has historically outperformed going into AGM', 4, 13, '<p data-mce-style=\"font-weight: 400;\" style=\"margin-bottom: 1.25rem; padding: 0px; border: 0px; font-variant-numeric: inherit; font-variant-east-asian: inherit; font-variant-alternates: inherit; font-stretch: inherit; line-height: inherit; font-family: &quot;Open Sans&quot;, Helvetica, Arial, sans-serif; font-optical-sizing: inherit; font-kerning: inherit; font-feature-settings: inherit; font-variation-settings: inherit; vertical-align: baseline;\">“We expect similar announcements this year, especially around Jio Financial Services (JFS), clean energy and digital business. RIL stock has historically outperformed going into the AGM on most instances”, the report said.</p><p data-mce-style=\"font-weight: 400;\" style=\"margin-bottom: 1.25rem; padding: 0px; border: 0px; font-variant-numeric: inherit; font-variant-east-asian: inherit; font-variant-alternates: inherit; font-stretch: inherit; line-height: inherit; font-family: &quot;Open Sans&quot;, Helvetica, Arial, sans-serif; font-optical-sizing: inherit; font-kerning: inherit; font-feature-settings: inherit; font-variation-settings: inherit; vertical-align: baseline;\">RIL is in the new list of 10 quarterly stock recommendations among Asia Pac companies based on the view that these stocks could have the most significant market and business-related catalysts in the quarter ahead, BofA said.</p><p data-mce-style=\"font-weight: 400;\" style=\"margin-bottom: 1.25rem; padding: 0px; border: 0px; font-variant-numeric: inherit; font-variant-east-asian: inherit; font-variant-alternates: inherit; font-stretch: inherit; line-height: inherit; font-family: &quot;Open Sans&quot;, Helvetica, Arial, sans-serif; font-optical-sizing: inherit; font-kerning: inherit; font-feature-settings: inherit; font-variation-settings: inherit; vertical-align: baseline;\">On the listing of JFS, the report said RIL has indicated that they intend to spin-off the financial services arm and have already indicated the demerger process. By separating financial services from the core business, RIL appears to be keeping arm’s length transaction from other entities, and in theory helping them better to attract strategic or JV partners who are keen only in financial services arm-like what they did with Jio or tower InvIT. Media articles indicate that listing may happen by Sept-Oct 23.</p>', '2023-07-05 10:41:39', NULL, 1, 'RIL-stock-has-historically-outperformed-going-into-AGM', 'aad9019241e204dbeb7597f0f9678949.jpg', 0),
(33, 'Economic fundamentals don’t warrant continuation of stock market rally beyond current levels: Analysts', 4, 13, '<p data-mce-style=\"font-weight: 400;\" style=\"margin-bottom: 1.25rem; padding: 0px; border: 0px; font-variant-numeric: inherit; font-variant-east-asian: inherit; font-variant-alternates: inherit; font-stretch: inherit; line-height: inherit; font-family: &quot;Open Sans&quot;, Helvetica, Arial, sans-serif; font-optical-sizing: inherit; font-kerning: inherit; font-feature-settings: inherit; font-variation-settings: inherit; vertical-align: baseline;\">V.K. Vijayakumar, Chief Investment Strategist at Geojit Financial Services, said the 15 per cent surge in Nifty from the low levels of March has given a bullish flavour to this rally; but it is difficult to describe this as a bull market since valuations do not permit a sustained rally and the evolving economic fundamentals do not warrant continuation of the rally much beyond the current levels.</p><p style=\"margin-bottom: 1.25rem; padding: 0px; border: 0px; font-variant-numeric: inherit; font-variant-east-asian: inherit; font-variant-alternates: inherit; font-stretch: inherit; line-height: inherit; font-family: &quot;Open Sans&quot;, Helvetica, Arial, sans-serif; font-optical-sizing: inherit; font-kerning: inherit; font-feature-settings: inherit; font-variation-settings: inherit; vertical-align: baseline;\"></p><p data-mce-style=\"font-weight: 400;\" style=\"margin-bottom: 1.25rem; padding: 0px; border: 0px; font-variant-numeric: inherit; font-variant-east-asian: inherit; font-variant-alternates: inherit; font-stretch: inherit; line-height: inherit; font-family: &quot;Open Sans&quot;, Helvetica, Arial, sans-serif; font-optical-sizing: inherit; font-kerning: inherit; font-feature-settings: inherit; font-variation-settings: inherit; vertical-align: baseline;\">A sustained bull run needs low valuations and steadily improving growth and earnings prospects. Valuations are not favourable now and growth and earnings prospects, though good, are not very bright, he said</p>', '2023-07-05 10:46:10', NULL, 1, 'Economic-fundamentals-don’t-warrant-continuation-of-stock-market-rally-beyond-current-levels:-Analysts', 'b70aa34856acc0f59c767ffbec8e0914.jpg', 7),
(34, 'Dibrugarh-bound IndiGo flight aborts take off due to technical glitch', 4, 13, '<p style=\"margin-bottom: 1.25rem; padding: 0px; border: 0px; font-variant-numeric: inherit; font-variant-east-asian: inherit; font-variant-alternates: inherit; font-stretch: inherit; line-height: inherit; font-family: &quot;Open Sans&quot;, Helvetica, Arial, sans-serif; font-optical-sizing: inherit; font-kerning: inherit; font-feature-settings: inherit; font-variation-settings: inherit; vertical-align: baseline;\">According to Airport Authority of India (AAI) sources here, the pilot noticed the glitch while the aircraft was taxing the runway.</p><p style=\"margin-bottom: 1.25rem; padding: 0px; border: 0px; font-variant-numeric: inherit; font-variant-east-asian: inherit; font-variant-alternates: inherit; font-stretch: inherit; line-height: inherit; font-family: &quot;Open Sans&quot;, Helvetica, Arial, sans-serif; font-optical-sizing: inherit; font-kerning: inherit; font-feature-settings: inherit; font-variation-settings: inherit; vertical-align: baseline;\">State Ministers Ranjeet Das, Bimal Bora and Congress leader Romen Barthakur were on board flight and heading towards Dibrugarh for individual programs.</p><p style=\"margin-bottom: 1.25rem; padding: 0px; border: 0px; font-variant-numeric: inherit; font-variant-east-asian: inherit; font-variant-alternates: inherit; font-stretch: inherit; line-height: inherit; font-family: &quot;Open Sans&quot;, Helvetica, Arial, sans-serif; font-optical-sizing: inherit; font-kerning: inherit; font-feature-settings: inherit; font-variation-settings: inherit; vertical-align: baseline;\">An inspection to repair the glitch is currently under</p>', '2023-07-05 10:49:45', NULL, 1, 'Dibrugarh-bound-IndiGo-flight-aborts-take-off-due-to-technical-glitch', 'e3a2d8a866db06b8162ce53777a39db6.jpg', 0),
(35, 'Goalkeeper Gurpreet Singh Sandhu shines in shootout as India clinch SAFF Championship against Kuwait', 1, 14, '<p style=\"padding: 0px 0px 20px; border: 0px; outline-style: initial; outline-width: 0px; font-size: 16px; vertical-align: baseline; color: rgb(62, 62, 62); font-family: &quot;Droid Serif&quot;, serif; line-height: 28px;\">India had been taken into deep waters over the past four days. More than 240 minutes of physically gruelling football against two good teams in Kuwait and Lebanon. And penalty shootouts were needed to decide these intense games.</p><p style=\"padding: 0px 0px 20px; border: 0px; outline-style: initial; outline-width: 0px; font-size: 16px; vertical-align: baseline; color: rgb(62, 62, 62); font-family: &quot;Droid Serif&quot;, serif; line-height: 28px;\">Enter Gurpreet Singh Sandhu.</p><p class=\"no_first_intro_para\" style=\"padding: 0px 0px 20px; border: 0px; outline-style: initial; outline-width: 0px; font-size: 16px; vertical-align: baseline; color: rgb(62, 62, 62); font-family: &quot;Droid Serif&quot;, serif; line-height: 28px;\">The SAFF Championship on the line, the Bengaluru FC goalkeeper guessed correctly, dove to his left, and stopped Kuwait captain Khaled Hajiah’s spot kick and for the second time in four days, won India a penalty shootout – this time for the team’s second trophy in two weeks.</p>', '2023-07-05 10:53:10', NULL, 1, 'Goalkeeper-Gurpreet-Singh-Sandhu-shines-in-shootout-as-India-clinch-SAFF-Championship-against-Kuwait', '14dab36b2a2a8bc79a449b31b6ee1d73.jpg', 0),
(36, 'Ajit Agarkar appointed chief selector with promise of pay hike', 1, 14, '<p style=\"padding: 0px 0px 20px; border: 0px; outline-style: initial; outline-width: 0px; font-size: 16px; vertical-align: baseline; color: rgb(62, 62, 62); font-family: &quot;Droid Serif&quot;, serif; line-height: 28px;\">The Board of Control for Cricket in India (BCCI) has appointed Ajit Agarkar as chairman of the Senior Men’s Selection Committee.</p><p style=\"padding: 0px 0px 20px; border: 0px; outline-style: initial; outline-width: 0px; font-size: 16px; vertical-align: baseline; color: rgb(62, 62, 62); font-family: &quot;Droid Serif&quot;, serif; line-height: 28px;\">The BCCI, in a press release, announced that its Cricket Advisory Committee (CAC) consisting of Sulakshana Naik, Ashok Malhotra and Jatin Paranjape recommended Agarkar for the position of selector in the men’s selection committee.</p>', '2023-07-05 10:54:09', NULL, 1, 'Ajit-Agarkar-appointed-chief-selector-with-promise-of-pay-hike', 'dfd256440bff52a0a7c55ae72b1ecdfb.jpg', 0),
(37, 'Another World Cup miss but for Zimbabwe Cricket, winning may not be the only thing that matters', 1, 14, '<p style=\"padding: 0px 0px 20px; border: 0px; outline-style: initial; outline-width: 0px; font-size: 16px; vertical-align: baseline; color: rgb(62, 62, 62); font-family: &quot;Droid Serif&quot;, serif; line-height: 28px;\">Some 7,800 miles away from England – where a strong case for winning not being the only thing that matters in sport has been made over the past couple of weeks – in the city of Bulawayo, a defeat doesn’t completely feel like one. Five wins were followed by two defeats, and that was that. Zimbabwe will not be playing in the ODI World Cup for a second time in four years. An absence for only a second occasion since they made their tournament debut all the way back in 1983. A defeat to Scotland in the qualifying fixture on Tuesday sealed their fate. Five years back, when the nation hosted the qualifiers for the 2019 World Cup, Godwin Mamhiyo was there to witness another heartbreak, as he was on Tuesday.</p><p style=\"padding: 0px 0px 20px; border: 0px; outline-style: initial; outline-width: 0px; font-size: 16px; vertical-align: baseline; color: rgb(62, 62, 62); font-family: &quot;Droid Serif&quot;, serif; line-height: 28px;\">“We were there, the whole union, when we lost to the UAE,” he tells&nbsp;<em style=\"margin: 0px; padding: 0px; border: 0px; outline-style: initial; outline-width: 0px; vertical-align: baseline;\">The Indian Express</em>, further describing a set of adjectives thoroughly applicable following their most recent outing. “It was shattering, heartbreaking. I’m talking about people who are passionate about this game, people that break down crying when things go wrong. It was a difficult period for Zimbabwe cricket as well as the fans.”</p>', '2023-07-05 10:55:10', NULL, 1, 'Another-World-Cup-miss-but-for-Zimbabwe-Cricket,-winning-may-not-be-the-only-thing-that-matters', 'a5e783327109a9f41292e85193ef46f6.jpg', 0),
(38, 'Is it the end of James Anderson in an alien bouncer-happy world?', 1, 14, '<p>IT<span style=\"color: rgb(62, 62, 62); font-family: &quot;Droid Serif&quot;, serif; font-size: 16px;\">’s funny how this Ashes has free-balled into a quirky world of its own. It’s not England’s bazball, it’s not Australia’s rope-a-dope professionalism but an injury to a spinner that pushed it into an unknown space. When Nathan Lyon hurt his calf, the repercussions couldn’t be predicted. But now, it has had both countries’ pacers going hammer and tongs, willing their shoulders and backs to keep hurling short-pitched stuff for hours together.</span></p>', '2023-07-05 10:56:27', NULL, 1, 'Is-it-the-end-of-James-Anderson-in-an-alien-bouncer-happy-world?', '07985258b5820d2935b69270a422ef16.jpg', 0),
(39, '‘In the company of greatness’: Watch Virat Kohli, Rohit Sharma meet Sir Garfield Sobers', 1, 14, '<p style=\"padding: 0px 0px 20px; border: 0px; outline-style: initial; outline-width: 0px; font-size: 16px; vertical-align: baseline; color: rgb(62, 62, 62); font-family: &quot;Droid Serif&quot;, serif; line-height: 28px;\">The Indian cricket team is scheduled to tour the West Indies in July and August 2023 for a two-Test, three-ODI, and five-T20I series.</p><p style=\"padding: 0px 0px 20px; border: 0px; outline-style: initial; outline-width: 0px; font-size: 16px; vertical-align: baseline; color: rgb(62, 62, 62); font-family: &quot;Droid Serif&quot;, serif; line-height: 28px;\">But before that, skipper Rohit Sharma and premier batter Virat Kohli met Windies great Sir Garfield Sobers.</p><p class=\"no_first_intro_para\" style=\"padding: 0px 0px 20px; border: 0px; outline-style: initial; outline-width: 0px; font-size: 16px; vertical-align: baseline; color: rgb(62, 62, 62); font-family: &quot;Droid Serif&quot;, serif; line-height: 28px;\">Sobers had his wife by his side and the clip has gone viral on social media.</p><p><ev-engagement group-name=\"contentLogin\" style=\"font-family: &quot;Droid Serif&quot;, serif; font-size: 16px;\"></ev-engagement><ev-engagement group-name=\"myNotification\" style=\"font-family: &quot;Droid Serif&quot;, serif; font-size: 16px;\"></ev-engagement></p><div class=\"ev-meter-content\" style=\"margin: 0px; padding: 0px; border: 0px; outline-style: initial; outline-width: 0px; font-size: 16px; vertical-align: baseline; font-family: &quot;Droid Serif&quot;, serif;\"><div class=\"ie-int-campign-ad\" style=\"margin: 0px auto 20px; padding: 0px; border: 0px; outline-style: initial; outline-width: 0px; vertical-align: baseline; text-align: center;\"></div><p style=\"padding: 0px 0px 20px; border: 0px; outline-style: initial; outline-width: 0px; vertical-align: baseline; color: rgb(62, 62, 62); line-height: 28px;\">Incidentally in 2020, Kohli was awarded with the Sir Garfield Sobers Award for male cricketer of the decade.</p><p style=\"padding: 0px 0px 20px; border: 0px; outline-style: initial; outline-width: 0px; vertical-align: baseline; color: rgb(62, 62, 62); line-height: 28px;\">India head coach&nbsp;<a href=\"https://indianexpress.com/about/rahul-dravid/\" class=\"\" style=\"margin: 0px; padding: 0px; vertical-align: baseline; background-image: initial; background-position: 0px 0px; background-size: initial; background-repeat: initial; background-attachment: initial; background-origin: initial; background-clip: initial; outline-style: initial; outline-width: 0px; color: rgb(52, 111, 153);\">Rahul Dravid</a>&nbsp;can also be seen interacting with Sobers and introducing Shubman Gill as ‘one of our most exciting batter’.</p></div>', '2023-07-05 10:58:09', NULL, 1, '‘In-the-company-of-greatness’:-Watch-Virat-Kohli,-Rohit-Sharma-meet-Sir-Garfield-Sobers', 'a29daad5de29b71b171c87b04ce59113.jpg', 0),
(40, '‘Virat Kohli said something and it brought the best out of him’: Joe Root says Jonny Bairstow is ready to take his anger out on Australia', 1, 14, '<p style=\"padding: 0px 0px 20px; border: 0px; outline-style: initial; outline-width: 0px; font-size: 16px; vertical-align: baseline; color: rgb(62, 62, 62); font-family: &quot;Droid Serif&quot;, serif; line-height: 28px;\">The stumping of Jonny Bairstow by Alex Carey in the 2nd Ashes Test at Lord’s has left the Englishman frustrated and according to his England teammate Joe Root, Bairstow is in the mood to put things in their right place when the two teams collide at Headingley.</p><p style=\"padding: 0px 0px 20px; border: 0px; outline-style: initial; outline-width: 0px; font-size: 16px; vertical-align: baseline; color: rgb(62, 62, 62); font-family: &quot;Droid Serif&quot;, serif; line-height: 28px;\">“You can bet your bottom dollar he will have the bit between his teeth. I don’t think he took it great. I don’t think anyone would, would they”” said Root.</p><p class=\"no_first_intro_para\" style=\"padding: 0px 0px 20px; border: 0px; outline-style: initial; outline-width: 0px; font-size: 16px; vertical-align: baseline; color: rgb(62, 62, 62); font-family: &quot;Droid Serif&quot;, serif; line-height: 28px;\">“He does thrive off things like this. You will be able to spot his mood a mile off.”</p><p><ev-engagement group-name=\"contentLogin\" style=\"font-family: &quot;Droid Serif&quot;, serif; font-size: 16px;\"></ev-engagement><ev-engagement group-name=\"myNotification\" style=\"font-family: &quot;Droid Serif&quot;, serif; font-size: 16px;\"></ev-engagement></p><div class=\"ev-meter-content\" style=\"margin: 0px; padding: 0px; border: 0px; outline-style: initial; outline-width: 0px; font-size: 16px; vertical-align: baseline; font-family: &quot;Droid Serif&quot;, serif;\"><div class=\"ie-int-campign-ad\" style=\"margin: 0px auto 20px; padding: 0px; border: 0px; outline-style: initial; outline-width: 0px; vertical-align: baseline; text-align: center;\"></div><p style=\"padding: 0px 0px 20px; border: 0px; outline-style: initial; outline-width: 0px; vertical-align: baseline; color: rgb(62, 62, 62); line-height: 28px;\">Recalling an incident in a match against India in 2022, Root said, “Go back to Edgbaston last year. Someone said something to him – I think it was&nbsp;<a href=\"https://indianexpress.com/about/virat-kohli/\" class=\"\" style=\"margin: 0px; padding: 0px; vertical-align: baseline; background-image: initial; background-position: 0px 0px; background-size: initial; background-repeat: initial; background-attachment: initial; background-origin: initial; background-clip: initial; outline-style: initial; outline-width: 0px; color: rgb(52, 111, 153);\">Virat Kohli</a>&nbsp;– and it brought the best out of him. Let’s hope that happens again.”</p><p style=\"padding: 0px 0px 20px; border: 0px; outline-style: initial; outline-width: 0px; vertical-align: baseline; color: rgb(62, 62, 62); line-height: 28px;\">Kohli and Bairstow were involved in verbal battles. Bairstow was on 13 off 60, when the verbal interaction with Kohli happened. He shifted gears and galloped to his third consecutive Test hundred in 119 balls.</p><p style=\"padding: 0px 0px 20px; border: 0px; outline-style: initial; outline-width: 0px; vertical-align: baseline; color: rgb(62, 62, 62); line-height: 28px;\">“There is always something like this in these big series and this one would have to involve Jonny,” Root added.</p></div>', '2023-07-05 11:20:53', NULL, 1, '‘Virat-Kohli-said-something-and-it-brought-the-best-out-of-him’:-Joe-Root-says-Jonny-Bairstow-is-ready-to-take-his-anger-out-on-Australia', 'a2320aa55748a95884d1111bd2d64886.jpg', 0),
(41, '‘My experience is when people don’t like a dismissal…’: Legendary umpire Simon Taufel on Jonny Bairstow controversy', 1, 14, '<p style=\"padding: 0px 0px 20px; border: 0px; outline-style: initial; outline-width: 0px; font-size: 16px; vertical-align: baseline; color: rgb(62, 62, 62); font-family: &quot;Droid Serif&quot;, serif; line-height: 28px;\">The stumping of Jonny Bairstow by Alex Carey in the 2nd Ashes Test at Lord’s has been the talk of the town.</p><p style=\"padding: 0px 0px 20px; border: 0px; outline-style: initial; outline-width: 0px; font-size: 16px; vertical-align: baseline; color: rgb(62, 62, 62); font-family: &quot;Droid Serif&quot;, serif; line-height: 28px;\">This was after Bairstow was given out stumped after he wandered out of his crease.</p><p class=\"no_first_intro_para\" style=\"padding: 0px 0px 20px; border: 0px; outline-style: initial; outline-width: 0px; font-size: 16px; vertical-align: baseline; color: rgb(62, 62, 62); font-family: &quot;Droid Serif&quot;, serif; line-height: 28px;\">The decision was sent upstairs and third umpire, Marais Erasmus, ruled the England gloveman as stumped.</p><p><ev-engagement group-name=\"contentLogin\" style=\"font-family: &quot;Droid Serif&quot;, serif; font-size: 16px;\"></ev-engagement><ev-engagement group-name=\"myNotification\" style=\"font-family: &quot;Droid Serif&quot;, serif; font-size: 16px;\"></ev-engagement></p><div class=\"ev-meter-content\" style=\"margin: 0px; padding: 0px; border: 0px; outline-style: initial; outline-width: 0px; font-size: 16px; vertical-align: baseline; font-family: &quot;Droid Serif&quot;, serif;\"><div class=\"ie-int-campign-ad\" style=\"margin: 0px auto 20px; padding: 0px; border: 0px; outline-style: initial; outline-width: 0px; vertical-align: baseline; text-align: center;\"></div><p style=\"padding: 0px 0px 20px; border: 0px; outline-style: initial; outline-width: 0px; vertical-align: baseline; color: rgb(62, 62, 62); line-height: 28px;\">Speaking on the incident, former legendary umpire Simon Taufel backed the third umpire’s decision to give Bairstow out and stated that the ball is not considered to be “dead” till the time both the teams regard it as “out of play”.</p><p style=\"padding: 0px 0px 20px; border: 0px; outline-style: initial; outline-width: 0px; vertical-align: baseline; color: rgb(62, 62, 62); line-height: 28px;\">“Correct decision made. They (England) just didn’t like it. For that ball to be considered dead after the over or even after the delivery, both sides need to disregard it is in play. Clearly, the fielding side hadn’t,” Taufel told ABC Sydney Mornings.</p></div>', '2023-07-05 11:22:33', NULL, 1, '‘My-experience-is-when-people-don’t-like-a-dismissal…’:-Legendary-umpire-Simon-Taufel-on-Jonny-Bairstow-controversy', 'a2320aa55748a95884d1111bd2d64886.jpg', 0),
(42, '‘He often uses abusive language on the field’: Ishant Sharma on MS Dhoni', 1, 14, '<p style=\"padding: 0px 0px 20px; border: 0px; outline-style: initial; outline-width: 0px; font-size: 16px; vertical-align: baseline; color: rgb(62, 62, 62); font-family: &quot;Droid Serif&quot;, serif; line-height: 28px;\">Former Indian fast bowler Ishant Sharma revealed that India’s World Cup-winning captain MS Dhoni has many strengths but calm and cool isn’t one of them and the former Indian skipper often used abusive language on the field.</p><p style=\"padding: 0px 0px 20px; border: 0px; outline-style: initial; outline-width: 0px; font-size: 16px; vertical-align: baseline; color: rgb(62, 62, 62); font-family: &quot;Droid Serif&quot;, serif; line-height: 28px;\">Speaking on the TRS Clips Youtube channel Ishant said, “Mahi bhai has many strengths. But calm and cool aren’t one of them. He often uses abusive language on the field, and I’ve heard it firsthand.”</p><p class=\"no_first_intro_para\" style=\"padding: 0px 0px 20px; border: 0px; outline-style: initial; outline-width: 0px; font-size: 16px; vertical-align: baseline; color: rgb(62, 62, 62); font-family: &quot;Droid Serif&quot;, serif; line-height: 28px;\">“Whether it’s during the IPL or with the Indian team, people are always around him. You’ll find someone or the other sitting with Mahi bhai. It’s like the feeling of being in a village, just missing the trees,” he added.</p>', '2023-07-05 11:23:26', NULL, 1, '‘He-often-uses-abusive-language-on-the-field’:-Ishant-Sharma-on-MS-Dhoni', '80ac1ba1504c2400a4db665aaa19e71a.jpg', 0),
(43, 'After Babe Ruth, the Japanese Shohei Ohtani becomes baseball’s first two-way player in 100 years', 1, 14, '<p style=\"padding: 0px 0px 20px; border: 0px; outline-style: initial; outline-width: 0px; font-size: 16px; vertical-align: baseline; color: rgb(62, 62, 62); font-family: &quot;Droid Serif&quot;, serif; line-height: 28px;\">Recently, the United States of America and Japan met in the final of the World Baseball Classic Final. Japan narrowly edged out the USA and signalled yet another time that the Japanese – a baseball-mad nation by its own right, had arrived on the grand stage. And a once-in-a-generation star athlete in Shohei Ohtani led them to the promised land.</p><div><br></div>', '2023-07-05 11:24:32', NULL, 1, 'After-Babe-Ruth,-the-Japanese-Shohei-Ohtani-becomes-baseball’s-first-two-way-player-in-100-years', '9ae8368e37140a97c5fe93b243e05b40.jpg', 0),
(44, 'Lust Stories 2: In appreciation of Tamannaah and Vijay Varma’s Sex with the Ex, the ugly duckling of Netflix’s anthology', 2, 12, '<p>F<span style=\"color: rgb(62, 62, 62); font-family: &quot;Droid Serif&quot;, serif; font-size: 16px;\">rom the first frames of Sex with the Ex, director Sujoy Ghosh’s wickedly entertaining segment in the&nbsp;</span><span style=\"margin: 0px; padding: 0px; border: 0px; outline-style: initial; outline-width: 0px; font-size: 16px; vertical-align: baseline; font-weight: 700; color: rgb(62, 62, 62); font-family: &quot;Droid Serif&quot;, serif;\"><a href=\"https://indianexpress.com/article/entertainment/bollywood/lust-stories-bhumi-pednekar-best-performance-zoya-akhtar-netflix-film-8033576/\" class=\"\" style=\"margin: 0px; padding: 0px; vertical-align: baseline; background-image: initial; background-position: 0px 0px; background-size: initial; background-repeat: initial; background-attachment: initial; background-origin: initial; background-clip: initial; outline-style: initial; outline-width: 0px; color: rgb(52, 111, 153);\">Netflix anthology</a></span><span style=\"color: rgb(62, 62, 62); font-family: &quot;Droid Serif&quot;, serif; font-size: 16px;\">&nbsp;Lust Stories 2, it is made explicitly clear that we aren’t in the ‘real world’. Vijay Varma’s character is racing along a scenic highway in a vintage Mercedes, having a saucy FaceTime session with the mistress that he is about to have a liaison with. Is this, perhaps, what the movie is going to be about? Not at all. What we’re about to watch instead is a darkly humorous satire complete with a murder plot, a secret pregnancy, and several sepia-toned flashbacks.</span></p>', '2023-07-05 11:26:10', NULL, 1, 'Lust-Stories-2:-In-appreciation-of-Tamannaah-and-Vijay-Varma’s-Sex-with-the-Ex,-the-ugly-duckling-of-Netflix’s-anthology', 'b66cf9f896c0e057928081a109fd3b8b.png', 0);
INSERT INTO `tblposts` (`id`, `PostTitle`, `CategoryId`, `SubCategoryId`, `PostDetails`, `PostingDate`, `UpdationDate`, `Is_Active`, `PostUrl`, `PostImage`, `rating`) VALUES
(45, '30 years of Hum Hain Rahi Pyar Ke: Aamir Khan felt he looked ‘harassed’ in the film, didn’t understand the character even after film released', 1, 14, '<p><br></p><div class=\"audio-player-tts-sec ev-meter-content\" style=\"margin: 0px; padding: 0px 0px 10px; border: 0px; outline-style: initial; outline-width: 0px; font-size: 16px; vertical-align: baseline; height: 61px; font-family: &quot;Droid Serif&quot;, serif;\"><div class=\"audio-player-tts\" style=\"margin: 0px; padding: 0px; border: 0px; outline-style: initial; outline-width: 0px; vertical-align: baseline; position: relative;\"><div class=\"audio-player-group\" style=\"margin: 0px; padding: 0px; border: 0px; outline-style: initial; outline-width: 0px; vertical-align: baseline; display: flex; align-items: center;\"><input type=\"range\" id=\"seek-slider\" max=\"4000\" value=\"0\" aria-label=\"Article Audio progress bar\" style=\"vertical-align: middle; appearance: none; height: 4px; background: linear-gradient(rgb(255, 0, 0), rgb(255, 0, 0)) 0% 0% / 0% 0% no-repeat rgb(226, 226, 226); border-radius: 5px; width: 425.275px;\"><div class=\"audio-time audio-duration\" style=\"margin: 0px 0px 0px 20px; padding: 0px; border: 0px; outline-style: initial; outline-width: 0px; font-size: 12px; vertical-align: baseline; display: flex; column-gap: 20px; line-height: 16px; font-family: Roboto, sans-serif; align-items: center;\"><span id=\"current-time\" style=\"margin: 0px; padding: 0px; border: 0px; outline-style: initial; outline-width: 0px; vertical-align: baseline;\">00:00</span><div id=\"audio-player-speed\" data-speed=\"1.0\" style=\"margin: 0px; padding: 2px 0px 2px 3px; border: 0px; outline-style: initial; outline-width: 0px; vertical-align: baseline; display: flex; min-width: 100px; height: 24px; border-radius: 12px; background-color: rgb(226, 226, 226);\"><span class=\"speed-options active\" data-speed=\"1.0\" style=\"margin: 0px 2px 0px 0px; padding: 2px 8px; border: 0px; outline-style: initial; outline-width: 0px; vertical-align: baseline; cursor: pointer; width: fit-content; height: 20px; border-radius: 10px; background-color: rgb(255, 255, 255);\">1x</span><span class=\"speed-options\" data-speed=\"1.5\" style=\"margin: 0px; padding: 2px 8px; border: 0px; outline-style: initial; outline-width: 0px; vertical-align: baseline; cursor: pointer; width: fit-content; height: 20px; border-radius: 10px;\">1.5x</span><span class=\"speed-options\" data-speed=\"1.8\" style=\"margin: 0px; padding: 2px 8px; border: 0px; outline-style: initial; outline-width: 0px; vertical-align: baseline; cursor: pointer; width: fit-content; height: 20px; border-radius: 10px;\">1.8x</span></div></div></div></div></div><div id=\"pcl-full-content\" class=\"story_details\" style=\"margin: 0px; padding: 0px; border: 0px; outline-style: initial; outline-width: 0px; font-size: 16px; vertical-align: baseline; font-family: &quot;Droid Serif&quot;, serif;\"><p style=\"padding: 0px 0px 20px; border: 0px; outline-style: initial; outline-width: 0px; vertical-align: baseline; color: rgb(62, 62, 62); line-height: 28px;\">Aamir Khan and Juhi Chawla starrer Hum Hain Rahi Pyar Ke released in theaters 30 years ago and became one of the most popular comedies of the time. Directed by&nbsp;<span style=\"margin: 0px; padding: 0px; border: 0px; outline-style: initial; outline-width: 0px; vertical-align: baseline; font-weight: 700;\"><a href=\"https://indianexpress.com/article/entertainment/bollywood/mahesh-bhatt-calls-aamir-khan-a-victim-of-his-idea-of-perfection-8181073/\" class=\"\" style=\"margin: 0px; padding: 0px; vertical-align: baseline; background-image: initial; background-position: 0px 0px; background-size: initial; background-repeat: initial; background-attachment: initial; background-origin: initial; background-clip: initial; outline-style: initial; outline-width: 0px; color: rgb(52, 111, 153);\">Mahesh Bhatt,</a>&nbsp;</span>the film had&nbsp;<span style=\"margin: 0px; padding: 0px; border: 0px; outline-style: initial; outline-width: 0px; vertical-align: baseline; font-weight: 700;\"><a href=\"https://indianexpress.com/article/entertainment/bollywood/aamir-khan-insecure-about-height-rani-mukerji-8696835/\" class=\"\" style=\"margin: 0px; padding: 0px; vertical-align: baseline; background-image: initial; background-position: 0px 0px; background-size: initial; background-repeat: initial; background-attachment: initial; background-origin: initial; background-clip: initial; outline-style: initial; outline-width: 0px; color: rgb(52, 111, 153);\">Aamir</a>&nbsp;</span>playing a reserved man who has now gotten the responsibility of his deceased sister’s kids. When Juhi’s character enters their home, she, along with the kids infuse joy in his life. Juhi got a lot of acclaim for her performance in the film, and even the film got two National Awards – Special Jury Award to director Mahesh Bhatt and Best Female Playback Singer to Alka Yagnik for ‘Ghunghat Ki Aad Se’.</p></div>', '2023-07-05 11:27:12', NULL, 1, '30-years-of-Hum-Hain-Rahi-Pyar-Ke:-Aamir-Khan-felt-he-looked-‘harassed’-in-the-film,-didn’t-understand-the-character-even-after-film-released', '667019d2ca4e4d56dc41dbfbc96cd180.jpg', 0),
(46, 'Deepika Padukone and Kusha Kapila recreate Yeh Jawaani Hai Deewani’s iconic scene, watch', 2, 12, '<p>A<span style=\"color: rgb(62, 62, 62); font-family: &quot;Droid Serif&quot;, serif; font-size: 16px;\">ctor Deepika Padukone has tapped into social media influencer and comedienne Kusha Kapila’s potential for the promotion of her skincare brand. The two artists have come together for a special video, to recreate a special scene from Deepika’s 2013 film Yeh Jawaani Hai Deewani.</span></p><p style=\"padding: 0px 0px 20px; border: 0px; outline-style: initial; outline-width: 0px; font-size: 16px; vertical-align: baseline; color: rgb(62, 62, 62); font-family: &quot;Droid Serif&quot;, serif; line-height: 28px;\">The 2013 film starred Deepika and Ranbir Kapoor in lead roles. The scene the actor recreated with&nbsp;<a href=\"https://indianexpress.com/article/entertainment/web-series/kusha-kapila-announces-separation-from-husband-zorawar-ahluwalia-8687450/\" class=\"\" style=\"margin: 0px; padding: 0px; vertical-align: baseline; background-image: initial; background-position: 0px 0px; background-size: initial; background-repeat: initial; background-attachment: initial; background-origin: initial; background-clip: initial; outline-style: initial; outline-width: 0px; color: rgb(52, 111, 153);\">Kusha</a>&nbsp;originally features Deepika, Ranbir, and Rana Daggubati, who had made a cameo in the film. Kusha recently announced her separation from husband Zorawar.</p>', '2023-07-05 11:28:16', NULL, 1, 'Deepika-Padukone-and-Kusha-Kapila-recreate-Yeh-Jawaani-Hai-Deewani’s-iconic-scene,-watch', '2a8428339f94e44465077af1d82c3820.jpg', 0),
(47, 'When Aishwarya Rai gave a fitting reply to British interviewer who said, ‘You are encouraging men to ogle at women in swimsuits’', 1, 14, '<p style=\"padding: 0px 0px 20px; border: 0px; outline-style: initial; outline-width: 0px; font-size: 16px; vertical-align: baseline; color: rgb(62, 62, 62); font-family: &quot;Droid Serif&quot;, serif; line-height: 28px;\">Aishwarya Rai became a popular face not just in India but across the world after winning the Miss World title held at Sun City, South Africa in 1994. But during one of her interviews in the West, she was told by a reporter that the beauty pageants are ‘encouraging men to ogle at women in swimsuits’. The actor reasoned that all that happens at the beauty pageants is to raise funds for charitable organisations. However, later she only<a href=\"https://indianexpress.com/article/entertainment/bollywood/when-aishwarya-rai-spoke-against-bikini-round-in-miss-world-pageant-cancelled-it-next-year-different-nationalities-uncomfortable-8327510/\" style=\"margin: 0px; padding: 0px; vertical-align: baseline; background-image: initial; background-position: 0px 0px; background-size: initial; background-repeat: initial; background-attachment: initial; background-origin: initial; background-clip: initial; outline-style: initial; outline-width: 0px; color: rgb(52, 111, 153);\"><span style=\"margin: 0px; padding: 0px; border: 0px; outline-style: initial; outline-width: 0px; vertical-align: baseline; font-weight: 700;\">&nbsp;spoke against the bikini round</span></a>&nbsp;in these competitions.</p><p style=\"padding: 0px 0px 20px; border: 0px; outline-style: initial; outline-width: 0px; font-size: 16px; vertical-align: baseline; color: rgb(62, 62, 62); font-family: &quot;Droid Serif&quot;, serif; line-height: 28px;\">During her appearance on the British TV show, ‘The Morning’, Aishwarya was told by the host, “Whatever the reasons be, you are encouraging men to sit in front of television and ogling and look at the pretty bodies in swimsuits.”</p>', '2023-07-05 11:29:33', NULL, 1, 'When-Aishwarya-Rai-gave-a-fitting-reply-to-British-interviewer-who-said,-‘You-are-encouraging-men-to-ogle-at-women-in-swimsuits’', 'd0f8537f7656051016045b5835ca0233.jpg', 0),
(48, 'Vidya Balan says she’s ‘little bit nervous’ about returning to theatres after 4 years, box office pressure: ‘People have expectations’', 1, 14, '<p style=\"padding: 0px 0px 20px; border: 0px; outline-style: initial; outline-width: 0px; font-size: 16px; vertical-align: baseline; color: rgb(62, 62, 62); font-family: &quot;Droid Serif&quot;, serif; line-height: 28px;\">Actor&nbsp;<a href=\"https://indianexpress.com/article/entertainment/bollywood/vidya-balan-would-go-to-a-sai-baba-temple-alone-at-night-and-ask-why-god-was-punishing-her-8755635/\" class=\"\" style=\"margin: 0px; padding: 0px; vertical-align: baseline; background-image: initial; background-position: 0px 0px; background-size: initial; background-repeat: initial; background-attachment: initial; background-origin: initial; background-clip: initial; outline-style: initial; outline-width: 0px; color: rgb(52, 111, 153);\">Vidya Balan</a>&nbsp;promoted her upcoming whodunit Neeyat in Mumbai on Wednesday. Here, the actor spoke about returning to the big screen after a gap of four years. She was last seen in Jagan Shakti’s Mission Mangal with Akshay Kumar and Taapsee Pannu, among others.</p><p style=\"padding: 0px 0px 20px; border: 0px; outline-style: initial; outline-width: 0px; font-size: 16px; vertical-align: baseline; color: rgb(62, 62, 62); font-family: &quot;Droid Serif&quot;, serif; line-height: 28px;\">At the press conference, Vidya was asked if she is nervous as she is returning to the big screen after a long gap and if the pressure of the film’s box-office numbers bogs her down. Confessing that she is a “little bit” nervous, Vidya said, “I think I always feel excited and nervous and I can’t tell the difference at all, it feels all the same a few days before release. I like the fact that people have expectations from this film and from me, I am very grateful for that. I am very hopeful that everyone will enjoy it.”</p>', '2023-07-05 11:30:51', NULL, 1, 'Vidya-Balan-says-she’s-‘little-bit-nervous’-about-returning-to-theatres-after-4-years,-box-office-pressure:-‘People-have-expectations’', '45282bd21def53c7b2c5f436b9bfe13c.jpg', 0),
(49, 'Shah Rukh Khan’s Jawan, Dunki’ satellite and digital rights sold for Rs 480 cr: report', 1, 14, '<p style=\"padding: 0px 0px 20px; border: 0px; outline-style: initial; outline-width: 0px; font-size: 16px; vertical-align: baseline; color: rgb(62, 62, 62); font-family: &quot;Droid Serif&quot;, serif; line-height: 28px;\">Actor Shah Rukh Khan’s upcoming films Jawan and Dunki already seem to be making records even before their theatrical releases. The films’ digital and satellite rights are expected to be sold for Rs 480 crore, a milestone for the actor.</p><p style=\"padding: 0px 0px 20px; border: 0px; outline-style: initial; outline-width: 0px; font-size: 16px; vertical-align: baseline; color: rgb(62, 62, 62); font-family: &quot;Droid Serif&quot;, serif; line-height: 28px;\"><a href=\"https://indianexpress.com/article/entertainment/bollywood/shah-rukh-khan-explains-the-meaning-of-dunki-says-the-film-is-about-people-who-want-to-come-back-home-8302784/\" class=\"\" style=\"margin: 0px; padding: 0px; vertical-align: baseline; background-image: initial; background-position: 0px 0px; background-size: initial; background-repeat: initial; background-attachment: initial; background-origin: initial; background-clip: initial; outline-style: initial; outline-width: 0px; color: rgb(52, 111, 153);\">Shah Rukh</a>&nbsp;will be seen doing intense action in Tamil filmmaker Atlee’s maiden pan-India venture Jawan. The film is slated to release on September 7. In Rajkumar Hirani’s Dunki, the actor will be part of a story that is expected to highlight the rampant use of an illegal backdoor route called ‘Donkey Flight’ by Indians to migrate to countries like Canada and the USA.</p>', '2023-07-05 11:31:34', NULL, 1, 'Shah-Rukh-Khan’s-Jawan,-Dunki’-satellite-and-digital-rights-sold-for-Rs-480-cr:-report', '893cd037bbf5b0bb906af9483a182978.jpg', 0),
(50, 'As NCP splits, Congress eyes bigger role in Maharashtra politics', 3, 4, '<p style=\"padding: 0px 0px 20px; border: 0px; outline-style: initial; outline-width: 0px; font-size: 16px; vertical-align: baseline; color: rgb(62, 62, 62); font-family: &quot;Droid Serif&quot;, serif; line-height: 28px;\">While Maharashtra Congress leaders on Tuesday made it a point to extend solidarity to&nbsp;<span style=\"margin: 0px; padding: 0px; border: 0px; outline-style: initial; outline-width: 0px; vertical-align: baseline; font-weight: 700;\"><a href=\"https://indianexpress.com/article/cities/mumbai/sharad-pawar-hits-ground-running-to-build-something-new-8699429/\" class=\"\" style=\"margin: 0px; padding: 0px; vertical-align: baseline; background-image: initial; background-position: 0px 0px; background-size: initial; background-repeat: initial; background-attachment: initial; background-origin: initial; background-clip: initial; outline-style: initial; outline-width: 0px; color: rgb(52, 111, 153);\">NCP president Sharad Pawar</a></span>, the party also emphasised that it is time to grow bigger in the state.</p><p style=\"padding: 0px 0px 20px; border: 0px; outline-style: initial; outline-width: 0px; font-size: 16px; vertical-align: baseline; color: rgb(62, 62, 62); font-family: &quot;Droid Serif&quot;, serif; line-height: 28px;\">Senior Congress leader and former CM Ashok Chavan said the space that has become vacant after&nbsp;<span style=\"margin: 0px; padding: 0px; border: 0px; outline-style: initial; outline-width: 0px; vertical-align: baseline; font-weight: 700;\"><a href=\"https://indianexpress.com/article/cities/mumbai/after-split-the-war-ajits-mlas-with-me-vs-uncles-people-with-us-8698024/\" class=\"\" style=\"margin: 0px; padding: 0px; vertical-align: baseline; background-image: initial; background-position: 0px 0px; background-size: initial; background-repeat: initial; background-attachment: initial; background-origin: initial; background-clip: initial; outline-style: initial; outline-width: 0px; color: rgb(52, 111, 153);\">Ajit Pawar’s rebellion</a></span>&nbsp;gives an opportunity to the Congress. “The Congress now has scope to grow — a scope to contest more seats,” he said.</p>', '2023-07-05 11:33:20', NULL, 1, 'As-NCP-splits,-Congress-eyes-bigger-role-in-Maharashtra-politics', '878c61b8538a7cea6e20cbb3598bad25.jpg', 0),
(51, 'Splits to purges: In Pawar-Ajit battle for control over NCP, an echo of Uddhav-Shinde’s Sena war', 3, 4, '<p style=\"padding: 0px 0px 20px; border: 0px; outline-style: initial; outline-width: 0px; font-size: 16px; vertical-align: baseline; color: rgb(62, 62, 62); font-family: &quot;Droid Serif&quot;, serif; line-height: 28px;\">The raging power tussle in Maharashtra between&nbsp;<a href=\"https://indianexpress.com/article/cities/pune/sharad-pawar-on-ajit-pawar-rebellion-five-key-points-8697740/\" style=\"margin: 0px; padding: 0px; vertical-align: baseline; background-image: initial; background-position: 0px 0px; background-size: initial; background-repeat: initial; background-attachment: initial; background-origin: initial; background-clip: initial; outline-style: initial; outline-width: 0px; color: rgb(52, 111, 153);\"><span style=\"margin: 0px; padding: 0px; border: 0px; outline-style: initial; outline-width: 0px; vertical-align: baseline; font-weight: 700;\">Nationalist Congress Party (NCP) chief Sharad Pawar</span></a>&nbsp;and senior party leader and his nephew Ajit Pawar seems to&nbsp;<a href=\"https://indianexpress.com/article/cities/mumbai/ajit-pawar-is-deputy-cm-eight-ncp-mlas-join-bjp-sena-govt-nationalist-congress-party-8697958/\" style=\"margin: 0px; padding: 0px; vertical-align: baseline; background-image: initial; background-position: 0px 0px; background-size: initial; background-repeat: initial; background-attachment: initial; background-origin: initial; background-clip: initial; outline-style: initial; outline-width: 0px; color: rgb(52, 111, 153);\"><span style=\"margin: 0px; padding: 0px; border: 0px; outline-style: initial; outline-width: 0px; vertical-align: baseline; font-weight: 700;\">mirror the conflict roiling the Shiv Sena</span></a>&nbsp;for the last one year.</p><p style=\"padding: 0px 0px 20px; border: 0px; outline-style: initial; outline-width: 0px; font-size: 16px; vertical-align: baseline; color: rgb(62, 62, 62); font-family: &quot;Droid Serif&quot;, serif; line-height: 28px;\"><a href=\"https://indianexpress.com/article/political-pulse/ncp-rise-stalled-ajit-pawar-reverse-card-splits-party-2019-rerun-8697275/\" style=\"margin: 0px; padding: 0px; vertical-align: baseline; background-image: initial; background-position: 0px 0px; background-size: initial; background-repeat: initial; background-attachment: initial; background-origin: initial; background-clip: initial; outline-style: initial; outline-width: 0px; color: rgb(52, 111, 153);\"><span style=\"margin: 0px; padding: 0px; border: 0px; outline-style: initial; outline-width: 0px; vertical-align: baseline; font-weight: 700;\">Ajit split the NCP to join the Eknath Shinde Sena-BJP government</span></a>&nbsp;along with eight senior party MLAs on July 2,&nbsp;<a href=\"https://indianexpress.com/article/cities/mumbai/ajit-pawar-rebellion-sharad-pawar-timeline-of-events-8697524/\" style=\"margin: 0px; padding: 0px; vertical-align: baseline; background-image: initial; background-position: 0px 0px; background-size: initial; background-repeat: initial; background-attachment: initial; background-origin: initial; background-clip: initial; outline-style: initial; outline-width: 0px; color: rgb(52, 111, 153);\"><span style=\"margin: 0px; padding: 0px; border: 0px; outline-style: initial; outline-width: 0px; vertical-align: baseline; font-weight: 700;\">getting sworn in as the Deputy Chief Minister</span></a>&nbsp;— the second one after the saffron party’s Devendra Fadnavis.</p><p class=\"first_intro_para\" style=\"padding: 0px 0px 20px; border: 0px; outline-style: initial; outline-width: 0px; font-size: 16px; vertical-align: baseline; position: relative; color: rgb(62, 62, 62); font-family: &quot;Droid Serif&quot;, serif; line-height: 28px;\">A year ago,&nbsp;<a href=\"https://indianexpress.com/article/political-pulse/who-is-eknath-shinde-maharashtra-shiv-sena-thackeray-mva-7981562/\" class=\"\" style=\"margin: 0px; padding: 0px; vertical-align: baseline; background-image: initial; background-position: 0px 0px; background-size: initial; background-repeat: initial; background-attachment: initial; background-origin: initial; background-clip: initial; outline-style: initial; outline-width: 0px; color: rgb(52, 111, 153);\">Eknath Shinde</a>&nbsp;had rebelled against the then Uddhav Thackeray-led undivided Sena and led his breakaway faction to align with the&nbsp;<a href=\"https://indianexpress.com/about/bjp/\" class=\"\" style=\"margin: 0px; padding: 0px; vertical-align: baseline; background-image: initial; background-position: 0px 0px; background-size: initial; background-repeat: initial; background-attachment: initial; background-origin: initial; background-clip: initial; outline-style: initial; outline-width: 0px; color: rgb(52, 111, 153);\">BJP</a>&nbsp;and form their coalition government, with&nbsp;<a href=\"https://indianexpress.com/article/political-pulse/one-year-of-shinde-fadnavis-a-bumpy-ride-set-to-get-bumpier-8693073/\" style=\"margin: 0px; padding: 0px; vertical-align: baseline; background-image: initial; background-position: 0px 0px; background-size: initial; background-repeat: initial; background-attachment: initial; background-origin: initial; background-clip: initial; outline-style: initial; outline-width: 0px; color: rgb(52, 111, 153);\"><span style=\"margin: 0px; padding: 0px; border: 0px; outline-style: initial; outline-width: 0px; vertical-align: baseline; font-weight: 700;\">Shinde taking oath as the CM</span></a>&nbsp;despite the BJP being the senior partner.</p>', '2023-07-05 11:34:10', NULL, 1, 'Splits-to-purges:-In-Pawar-Ajit-battle-for-control-over-NCP,-an-echo-of-Uddhav-Shinde’s-Sena-war', '179530884c86e62ebb9be245326ea1b8.jpg', 0),
(52, 'Babulal Marandi interview: ‘Don’t think tribals will give JMM another chance … We’ll work to confront the ruling coalition’', 3, 4, '<p><span style=\"color: rgb(62, 62, 62); font-family: &quot;Droid Serif&quot;, serif; font-size: 16px;\">The first chief minister of Jharkhand and currently the Leader of the Opposition in the state,&nbsp;</span><span style=\"margin: 0px; padding: 0px; border: 0px; outline-style: initial; outline-width: 0px; font-size: 16px; vertical-align: baseline; font-weight: 700; color: rgb(62, 62, 62); font-family: &quot;Droid Serif&quot;, serif;\"><a href=\"https://indianexpress.com/article/political-pulse/in-jharkhand-bjp-returns-to-babulal-marandi-hopes-to-woo-tribals-back-8753220/\" class=\"\" style=\"margin: 0px; padding: 0px; vertical-align: baseline; background-image: initial; background-position: 0px 0px; background-size: initial; background-repeat: initial; background-attachment: initial; background-origin: initial; background-clip: initial; outline-style: initial; outline-width: 0px; color: rgb(52, 111, 153);\">Babulal Marandi was named the Jharkhand BJP president</a></span><span style=\"color: rgb(62, 62, 62); font-family: &quot;Droid Serif&quot;, serif; font-size: 16px;\">&nbsp;on Tuesday. In an interview to&nbsp;</span><em style=\"margin: 0px; padding: 0px; border: 0px; outline-style: initial; outline-width: 0px; font-size: 16px; vertical-align: baseline; color: rgb(62, 62, 62); font-family: &quot;Droid Serif&quot;, serif;\">The Indian Express</em><span style=\"color: rgb(62, 62, 62); font-family: &quot;Droid Serif&quot;, serif; font-size: 16px;\">, he says he will work as per his “intellectual and physical capacity” for the betterment of the state and will work on a war footing for the Lok Sabha elections scheduled next year.</span><br></p>', '2023-07-05 11:39:21', NULL, 1, 'Babulal-Marandi-interview:-‘Don’t-think-tribals-will-give-JMM-another-chance-…-We’ll-work-to-confront-the-ruling-coalition’', '00760111cc44cb124994aa1985eff25e.jpg', 0),
(53, 'Sunil Jakhar, BJP’s Punjab plan lynchpin and chief: Seasoned Jat leader, ex-state Cong head', 3, 4, '<p style=\"padding: 0px 0px 20px; border: 0px; outline-style: initial; outline-width: 0px; font-size: 16px; vertical-align: baseline; color: rgb(62, 62, 62); font-family: &quot;Droid Serif&quot;, serif; line-height: 28px;\">While effecting organisational changes in the run-up to the 2024 Lok Sabha polls, the BJP leadership Tuesday appointed&nbsp;<a href=\"https://indianexpress.com/article/cities/chandigarh/sunil-jakhar-named-new-punjab-bjp-chief-replaces-ashwani-sharma-8739560/\" rel=\"noopener\" target=\"_blank\" style=\"margin: 0px; padding: 0px; vertical-align: baseline; background-image: initial; background-position: 0px 0px; background-size: initial; background-repeat: initial; background-attachment: initial; background-origin: initial; background-clip: initial; outline-style: initial; outline-width: 0px; color: rgb(52, 111, 153);\"><span style=\"margin: 0px; padding: 0px; border: 0px; outline-style: initial; outline-width: 0px; vertical-align: baseline; font-weight: 700;\">Sunil Jakhar as the new Punjab party unit president</span></a>. The former Punjab Pradesh Congress Committee (PPCC) chief, Jakhar replaced Ashwani Sharma in his new position in the state BJP. Sharma had been the saffron party chief in the state for consecutive two times.</p><p style=\"padding: 0px 0px 20px; border: 0px; outline-style: initial; outline-width: 0px; font-size: 16px; vertical-align: baseline; color: rgb(62, 62, 62); font-family: &quot;Droid Serif&quot;, serif; line-height: 28px;\">In May last year, three months after the Congress debacle in the Punjab Assembly polls,&nbsp;<a href=\"https://indianexpress.com/article/political-pulse/former-punjab-cong-chief-sunil-jakhar-now-central-to-bjp-plans-in-state-8195673/\" rel=\"noopener\" target=\"_blank\" style=\"margin: 0px; padding: 0px; vertical-align: baseline; background-image: initial; background-position: 0px 0px; background-size: initial; background-repeat: initial; background-attachment: initial; background-origin: initial; background-clip: initial; outline-style: initial; outline-width: 0px; color: rgb(52, 111, 153);\"><span style=\"margin: 0px; padding: 0px; border: 0px; outline-style: initial; outline-width: 0px; vertical-align: baseline; font-weight: 700;\">Jakhar had switched to the BJP</span></a>&nbsp;following a spell of bad blood with the leadership of the grand old party with whom his family had decades of association. That the 69-year-old Jakhar is central to the BJP’s plans for Punjab was evident when he was inducted as a member into the BJP National Executive in December last year along with ex-Punjab chief minister Captain Amarinder Singh.</p>', '2023-07-05 11:46:59', NULL, 1, 'Sunil-Jakhar,-BJP’s-Punjab-plan-lynchpin-and-chief:-Seasoned-Jat-leader,-ex-state-Cong-head', 'ed0bf63c974bf873e9a93b864cf22d17.jpg', 0),
(54, 'In Jharkhand, BJP returns to Babulal Marandi, hopes to woo tribals back', 3, 4, '<p style=\"padding: 0px 0px 20px; border: 0px; outline-style: initial; outline-width: 0px; font-size: 16px; vertical-align: baseline; color: rgb(62, 62, 62); font-family: &quot;Droid Serif&quot;, serif; line-height: 28px;\">A year to go for the Assembly elections in Jharkhand, the BJP has gone back to Babulal Marandi as the head of its state unit. The first Chief Minister of Jharkhand, who is currently the leader of its Legislature Party, the 64-year-old replaces Rajya Sabha MP Deepak Prakash.</p><p style=\"padding: 0px 0px 20px; border: 0px; outline-style: initial; outline-width: 0px; font-size: 16px; vertical-align: baseline; color: rgb(62, 62, 62); font-family: &quot;Droid Serif&quot;, serif; line-height: 28px;\">Having parted ways with the BJP in 2002, after he had to step down as CM, Marandi returned only in early 2020, merging the party founded by him, Jharkhand Vikas Morcha (Prajatantrik), with the BJP.</p>', '2023-07-05 11:49:12', NULL, 1, 'In-Jharkhand,-BJP-returns-to-Babulal-Marandi,-hopes-to-woo-tribals-back', 'aa9ad7890a7be6778c5d0aa3baa19956.jpg', 0),
(55, 'Chronic traumatic encephalopathy diagnosed in woman athlete for the first time; know more about the brain disease', 5, 3, '<p style=\"padding: 0px 0px 20px; border: 0px; outline-style: initial; outline-width: 0px; font-size: 16px; vertical-align: baseline; color: rgb(62, 62, 62); font-family: &quot;Droid Serif&quot;, serif; line-height: 28px;\">The world’s first diagnosis of chronic traumatic encephalopathy (CTE) in a deceased woman athlete has come to light. A study on Heather Anderson’s brain, an Australian rules footballer who took her own life last year aged 28, indicates a degenerative&nbsp;<span style=\"margin: 0px; padding: 0px; border: 0px; outline-style: initial; outline-width: 0px; vertical-align: baseline; font-weight: 700;\"><a href=\"https://indianexpress.com/article/lifestyle/health/bruce-willis-frontotemporal-dementia-causes-symptoms-treatment-8450560/\" class=\"\" rel=\"noopener\" target=\"_blank\" style=\"margin: 0px; padding: 0px; vertical-align: baseline; background-image: initial; background-position: 0px 0px; background-size: initial; background-repeat: initial; background-attachment: initial; background-origin: initial; background-clip: initial; outline-style: initial; outline-width: 0px; color: rgb(52, 111, 153);\">brain disease</a></span>, linked to contact sports, reported&nbsp;<em style=\"margin: 0px; padding: 0px; border: 0px; outline-style: initial; outline-width: 0px; vertical-align: baseline;\">BBC</em>. Notably, such studies are usually carried out on male athletes.</p><p style=\"padding: 0px 0px 20px; border: 0px; outline-style: initial; outline-width: 0px; font-size: 16px; vertical-align: baseline; color: rgb(62, 62, 62); font-family: &quot;Droid Serif&quot;, serif; line-height: 28px;\">According to the&nbsp;<em style=\"margin: 0px; padding: 0px; border: 0px; outline-style: initial; outline-width: 0px; vertical-align: baseline;\">BBC</em>&nbsp;report, scientists say the case could be “the tip of the iceberg” for women in sports.</p><p class=\"first_intro_para\" style=\"padding: 0px 0px 20px; border: 0px; outline-style: initial; outline-width: 0px; font-size: 16px; vertical-align: baseline; position: relative; color: rgb(62, 62, 62); font-family: &quot;Droid Serif&quot;, serif; line-height: 28px;\">Anderson’s family reportedly donated her brain for the study to the Australian Sports Brain Bank.</p>', '2023-07-05 11:51:32', NULL, 1, 'Chronic-traumatic-encephalopathy-diagnosed-in-woman-athlete-for-the-first-time;-know-more-about-the-brain-disease', '483abc8d593ea301a23858312dc43ed2.jpg', 0),
(56, 'Energise yourself with these foods and say goodbye to midday slump', 5, 6, '<p style=\"padding: 0px 0px 20px; border: 0px; outline-style: initial; outline-width: 0px; font-size: 16px; vertical-align: baseline; color: rgb(62, 62, 62); font-family: &quot;Droid Serif&quot;, serif; line-height: 28px;\">Do you always find your energy levels dropping in the afternoon, commonly known as the afternoon slump? Well, you are not alone. But did you know certain food items can help you manage this decline in energy levels. Afternoon slump refers to a period of decreased energy and alertness that typically occurs in the afternoon, usually around 2-3 p.m. It is a common experience for many people and is often associated with feelings of&nbsp;<a href=\"https://indianexpress.com/article/lifestyle/health/tired-sluggish-lifestyle-changes-health-8208652/\" target=\"_blank\" rel=\"noopener\" style=\"margin: 0px; padding: 0px; vertical-align: baseline; background-image: initial; background-position: 0px 0px; background-size: initial; background-repeat: initial; background-attachment: initial; background-origin: initial; background-clip: initial; outline-style: initial; outline-width: 0px; color: rgb(52, 111, 153);\"><span style=\"margin: 0px; padding: 0px; border: 0px; outline-style: initial; outline-width: 0px; vertical-align: baseline; font-weight: 700;\">fatigue</span></a>, drowsiness, difficulty concentrating, and a decline in overall productivity.</p><p style=\"padding: 0px 0px 20px; border: 0px; outline-style: initial; outline-width: 0px; font-size: 16px; vertical-align: baseline; color: rgb(62, 62, 62); font-family: &quot;Droid Serif&quot;, serif; line-height: 28px;\">Taking to Instagram, dietician Lovneet Batra wrote, “If you are looking to avoid daytime fatigue and boost your energy levels, incorporating the right foods into your diet can make a significant difference”</p>', '2023-07-05 11:52:25', NULL, 1, 'Energise-yourself-with-these-foods-and-say-goodbye-to-midday-slump', 'c87df68c2c04c643e32555d3e6bec0ed.jpg', 0),
(57, 'Experts on how water intake affects uric acid levels in the body', 5, 6, '<p style=\"padding: 0px 0px 20px; border: 0px; outline-style: initial; outline-width: 0px; font-size: 16px; vertical-align: baseline; color: rgb(62, 62, 62); font-family: &quot;Droid Serif&quot;, serif; line-height: 28px;\">A less commonly spoken health risk among those associated with lack of adequate water intake is less&nbsp;<span style=\"margin: 0px; padding: 0px; border: 0px; outline-style: initial; outline-width: 0px; vertical-align: baseline; font-weight: 700;\"><a href=\"https://indianexpress.com/article/lifestyle/health/foods-lower-high-uric-acid-levels-bananas-coffee-amla-cherries-yoghurt-8638404/\" class=\"\" rel=\"noopener\" target=\"_blank\" style=\"margin: 0px; padding: 0px; vertical-align: baseline; background-image: initial; background-position: 0px 0px; background-size: initial; background-repeat: initial; background-attachment: initial; background-origin: initial; background-clip: initial; outline-style: initial; outline-width: 0px; color: rgb(52, 111, 153);\">uric acid levels</a></span>&nbsp;in the body. Notably, while uric acid is a waste product, produced during the breakdown of various foods and drinks, its production too affects your&nbsp;<span style=\"margin: 0px; padding: 0px; border: 0px; outline-style: initial; outline-width: 0px; vertical-align: baseline; font-weight: 700;\"><a href=\"https://indianexpress.com/article/lifestyle/health/tips-increase-daily-consumption-water-health-drinking-water-8007008/\" class=\"\" rel=\"noopener\" target=\"_blank\" style=\"margin: 0px; padding: 0px; vertical-align: baseline; background-image: initial; background-position: 0px 0px; background-size: initial; background-repeat: initial; background-attachment: initial; background-origin: initial; background-clip: initial; outline-style: initial; outline-width: 0px; color: rgb(52, 111, 153);\">health</a></span>.</p><p style=\"padding: 0px 0px 20px; border: 0px; outline-style: initial; outline-width: 0px; font-size: 16px; vertical-align: baseline; color: rgb(62, 62, 62); font-family: &quot;Droid Serif&quot;, serif; line-height: 28px;\">“Normally, uric acid dissolves in the blood and is discarded by the kidneys through urine. But in some cases, the body produces excess uric acid or the kidney dysfunction doesn’t excrete the required amount of uric acid, resulting in hyperuricemia. Long-term hyperuricemia can lead to development of gout, a painful form of arthritis, or kidney stones,” Dr Avanish Arora, director – Urology and Uro-Oncology &amp; Senior Consultant – Robotic Urology, Nanavati Max Super Specialty Hospital, Mumbai told&nbsp;<em style=\"margin: 0px; padding: 0px; border: 0px; outline-style: initial; outline-width: 0px; vertical-align: baseline;\">indianexpress.com</em>.</p>', '2023-07-05 11:54:58', NULL, 1, 'Experts-on-how-water-intake-affects-uric-acid-levels-in-the-body', '4f0961f59c7bc805bfcc5bd615fc8b76.jpg', 0),
(58, 'Nutrition alert: Here’s what a 100 gram serving of cranberries contains', 5, 6, '<p>C<span style=\"color: rgb(62, 62, 62); font-family: &quot;Droid Serif&quot;, serif; font-size: 16px;\">ranberries are small, tart berries that are packed with various nutrients and offer several health benefits. Known for their bright, tart flavour, they are often consumed in juice form and are part of various desserts and salads. Cranberries are often regarded as a superfood owing to their abundant nutrients and</span><span style=\"color: rgb(62, 62, 62); font-family: &quot;Droid Serif&quot;, serif; font-size: 16px;\">&nbsp;</span><a href=\"https://indianexpress.com/article/lifestyle/health/antioxidants-health-skin-benefits-free-radicals-foods-products-sources-ayurveda-side-effects-8097951/\" target=\"_blank\" rel=\"noopener\" style=\"font-family: &quot;Droid Serif&quot;, serif; font-size: 16px; background: 0px 0px rgb(255, 255, 255); margin: 0px; padding: 0px; vertical-align: baseline; outline-style: initial; outline-width: 0px; color: rgb(52, 111, 153);\"><span style=\"margin: 0px; padding: 0px; border: 0px; outline-style: initial; outline-width: 0px; vertical-align: baseline; font-weight: 700;\">antioxidants</span></a><span style=\"color: rgb(62, 62, 62); font-family: &quot;Droid Serif&quot;, serif; font-size: 16px;\">. Numerous studies have associated the nutrient profile of cranberries with a reduced likelihood of</span><a href=\"https://indianexpress.com/article/lifestyle/health/simple-tips-to-prevent-utis-8423785/\" target=\"_blank\" rel=\"noopener\" style=\"font-family: &quot;Droid Serif&quot;, serif; font-size: 16px; background: 0px 0px rgb(255, 255, 255); margin: 0px; padding: 0px; vertical-align: baseline; outline-style: initial; outline-width: 0px; color: rgb(52, 111, 153);\"><span style=\"margin: 0px; padding: 0px; border: 0px; outline-style: initial; outline-width: 0px; vertical-align: baseline; font-weight: 700;\">&nbsp;urinary tract infections (UTIs)</span></a><span style=\"color: rgb(62, 62, 62); font-family: &quot;Droid Serif&quot;, serif; font-size: 16px;\">, protection against specific types of cancer, enhanced immune function, and lowered blood pressure, among other benefits.</span></p><p style=\"padding: 0px 0px 20px; border: 0px; outline-style: initial; outline-width: 0px; font-size: 16px; vertical-align: baseline; color: rgb(62, 62, 62); font-family: &quot;Droid Serif&quot;, serif; line-height: 28px;\">Speaking with indianexpress.com, Guru Prasad Das, Senior Dietitian, CARE Hospitals, Bhubaneswar shared, “Cranberries can be enjoyed in various forms such as fresh, dried, frozen, or as juice. Including them as part of a diverse and balanced diet can contribute to overall health and well-being”.</p>', '2023-07-05 11:56:05', NULL, 1, 'Nutrition-alert:-Here’s-what-a-100-gram-serving-of-cranberries-contains', 'ff506a9c8352bf707107ab92e79a5f4d.jpg', 0),
(59, 'Understanding Panchakarma: An Ayurvedic treatment for the body, mind, and consciousness', 5, 3, '<p style=\"padding: 0px 0px 20px; border: 0px; outline-style: initial; outline-width: 0px; font-size: 16px; vertical-align: baseline; color: rgb(62, 62, 62); font-family: &quot;Droid Serif&quot;, serif; line-height: 28px;\">Ayurveda has a wide range of therapeutic techniques and practices for achieving physical and mental balance and wellness. Rooted in the principles of holistic healing,&nbsp;<a href=\"https://indianexpress.com/article/lifestyle/health/ayurvedic-lifestyle-changes-8263155/\" style=\"margin: 0px; padding: 0px; vertical-align: baseline; background-image: initial; background-position: 0px 0px; background-size: initial; background-repeat: initial; background-attachment: initial; background-origin: initial; background-clip: initial; outline-style: initial; outline-width: 0px; color: rgb(52, 111, 153);\"><span style=\"margin: 0px; padding: 0px; border: 0px; outline-style: initial; outline-width: 0px; vertical-align: baseline; font-weight: 700;\">Ayurveda</span>&nbsp;</a>offers unique treatment methods that address not only the physical aspects of health but also the mental, emotional and spiritual well-being. One such approach is&nbsp;<em style=\"margin: 0px; padding: 0px; border: 0px; outline-style: initial; outline-width: 0px; vertical-align: baseline;\">panchakarma</em>, which is a treatment programme to cleanse and rejuvenate the body, mind and consciousness. It is based on the principle that everything in this universe is made of the five basic elements of nature—ether, air, fire, water and earth.</p><p style=\"padding: 0px 0px 20px; border: 0px; outline-style: initial; outline-width: 0px; font-size: 16px; vertical-align: baseline; color: rgb(62, 62, 62); font-family: &quot;Droid Serif&quot;, serif; line-height: 28px;\">In the literal sense,&nbsp;<em style=\"margin: 0px; padding: 0px; border: 0px; outline-style: initial; outline-width: 0px; vertical-align: baseline;\">panchakarma</em>, derived from Sanskrit, translates to “five actions” or “five treatments”. “It is an excellent cleansing process that discharges stored&nbsp;<a href=\"https://indianexpress.com/article/lifestyle/life-style/design-advice-less-toxic-life-8590700/\" style=\"margin: 0px; padding: 0px; vertical-align: baseline; background-image: initial; background-position: 0px 0px; background-size: initial; background-repeat: initial; background-attachment: initial; background-origin: initial; background-clip: initial; outline-style: initial; outline-width: 0px; color: rgb(52, 111, 153);\"><span style=\"margin: 0px; padding: 0px; border: 0px; outline-style: initial; outline-width: 0px; vertical-align: baseline; font-weight: 700;\">toxins</span>&nbsp;</a>and restores the body’s natural healing abilities. It is a comprehensive system of purification methods used to cleanse the body of all unwanted waste and balance the body, mind and spirit,” Rajinder Dhamija, founder of Dharishah Ayurveda, said.</p>', '2023-07-05 11:57:31', NULL, 1, 'Understanding-Panchakarma:-An-Ayurvedic-treatment-for-the-body,-mind,-and-consciousness', 'fff0123b4f9e5c67858b9a4a39dbfb51.jpg', 0),
(60, 'Gujarat riots case: Supreme Court extends Teesta Setalvad’s interim bail till July 19', 6, 8, '<p style=\"padding: 0px 0px 20px; border: 0px; outline-style: initial; outline-width: 0px; font-size: 16px; vertical-align: baseline; color: rgb(62, 62, 62); font-family: &quot;Droid Serif&quot;, serif; line-height: 28px;\">Supreme Court on Wednesday extended the interim bail of activist Teesta Setalvad till further orders, the Bar and Bench reported.</p><p style=\"padding: 0px 0px 20px; border: 0px; outline-style: initial; outline-width: 0px; font-size: 16px; vertical-align: baseline; color: rgb(62, 62, 62); font-family: &quot;Droid Serif&quot;, serif; line-height: 28px;\">The plea against Gujarat High Court order denying her bail while directing her to surrender before the authorities “immediately” will be heard and decided on July 19, the apex court said.</p><p class=\"first_intro_para\" style=\"padding: 0px 0px 20px; border: 0px; outline-style: initial; outline-width: 0px; font-size: 16px; vertical-align: baseline; position: relative; color: rgb(62, 62, 62); font-family: &quot;Droid Serif&quot;, serif; line-height: 28px;\">Rejecting Setalvad’s bail plea last Saturday, the Gujarat HC observed that granting her bail would “deepen and widen communal polarisation” at a time when “we are heading towards progress of the country with an effort to strengthen communal harmony and brotherhood”.</p>', '2023-07-05 11:59:40', NULL, 1, 'Gujarat-riots-case:-Supreme-Court-extends-Teesta-Setalvad’s-interim-bail-till-July-19', 'bc579f05aa06d7da9156671ce27d687f.jpg', 0),
(61, 'MP admin razes illegal encroachment of accused who ‘urinated on tribal’', 6, 7, '<p style=\"padding: 0px 0px 20px; border: 0px; outline-style: initial; outline-width: 0px; font-size: 16px; vertical-align: baseline; color: rgb(62, 62, 62); font-family: &quot;Droid Serif&quot;, serif; line-height: 28px;\">A day after&nbsp;Madhya Pradesh police arrested Pravesh Shukla,&nbsp;following a purported&nbsp;<a href=\"https://indianexpress.com/article/india/video-shows-mp-man-urinating-on-tribal-under-cong-fire-cm-chouhan-says-book-culprit-under-nsa-8748961/\" style=\"margin: 0px; padding: 0px; vertical-align: baseline; background-image: initial; background-position: 0px 0px; background-size: initial; background-repeat: initial; background-attachment: initial; background-origin: initial; background-clip: initial; outline-style: initial; outline-width: 0px; color: rgb(52, 111, 153);\"><span style=\"margin: 0px; padding: 0px; border: 0px; outline-style: initial; outline-width: 0px; vertical-align: baseline; font-weight: 700;\">video showing him urinating on a tribal man</span></a>&nbsp;in Sidhi district, the state administration bulldozed the illegal encroachment of the accused.</p><p style=\"padding: 0px 0px 20px; border: 0px; outline-style: initial; outline-width: 0px; font-size: 16px; vertical-align: baseline; color: rgb(62, 62, 62); font-family: &quot;Droid Serif&quot;, serif; line-height: 28px;\">The police registered a case under IPC sections 294 (obscene acts and songs), 504 (intentional insult with intent to provoke breach of the peace) and the SC/ST (Prevention of Atrocities) Act against Shukla. It also slapped the<a href=\"https://indianexpress.com/article/india/madhya-pradesh-man-urinating-tribal-arrested-8754002/\" style=\"margin: 0px; padding: 0px; vertical-align: baseline; background-image: initial; background-position: 0px 0px; background-size: initial; background-repeat: initial; background-attachment: initial; background-origin: initial; background-clip: initial; outline-style: initial; outline-width: 0px; color: rgb(52, 111, 153);\"><span style=\"margin: 0px; padding: 0px; border: 0px; outline-style: initial; outline-width: 0px; vertical-align: baseline; font-weight: 700;\">&nbsp;National Security Act (NSA) on him</span></a>.</p>', '2023-07-05 12:01:18', NULL, 1, 'MP-admin-razes-illegal-encroachment-of-accused-who-‘urinated-on-tribal’', 'd95f35592302e474489dd3cf4e2366fe.jpg', 0),
(62, 'BJP welcomes Gujarat HC upholding Rahul conviction', 6, 7, '<p><div class=\"\" id=\"artmeterpv\" style=\"box-sizing: border-box; font-family: Merriweather, serif; font-weight: 400; color: rgb(33, 37, 41); font-size: 16px; font-style: normal; font-variant-ligatures: normal; font-variant-caps: normal; letter-spacing: normal; orphans: 2; text-align: start; text-indent: 0px; text-transform: none; widows: 2; word-spacing: 0px; -webkit-text-stroke-width: 0px; white-space: normal; background-color: rgb(255, 255, 255); text-decoration-thickness: initial; text-decoration-style: initial; text-decoration-color: initial;\"></div></p><p style=\"box-sizing: border-box; font-family: Faustina, serif; font-weight: 400; margin: 0px 0px 25px; color: rgb(0, 0, 0); font-size: 19px; line-height: 28px; text-align: left; letter-spacing: 0.05px; font-style: normal; font-variant-ligatures: normal; font-variant-caps: normal; orphans: 2; text-indent: 0px; text-transform: none; widows: 2; word-spacing: 0px; -webkit-text-stroke-width: 0px; white-space: normal; background-color: rgb(255, 255, 255); text-decoration-thickness: initial; text-decoration-style: initial; text-decoration-color: initial;\">BJP on July 7 welcomed the<span>&nbsp;</span><a href=\"https://www.thehindu.com/news/national/gujarat-high-court-dismisses-rahul-gandhis-plea-against-his-conviction-in-defamation-case/article67052520.ece\" target=\"_self\" style=\"box-sizing: border-box; font-family: inherit; font-weight: inherit; color: rgb(176, 0, 32) !important; text-decoration: none; cursor: pointer; font-size: inherit;\">Gujarat High Court’s order refusing to vacate a stay on Congress leade</a>r Rahul Gandhi’s conviction by a court in Surat in a case of criminal defamation, with BJP MP Ravi Shankar Prasad stating that it had become a “chronic habit” of the Congress leader to “abuse and defame” leaders and organisations.</p>', '2023-07-07 12:55:47', NULL, 1, 'BJP-welcomes-Gujarat-HC-upholding-Rahul-conviction', '8e4c5474e86bce93102235ff109e0c13.jpg', 0),
(63, 'Gujarat High Court dismisses Rahul Gandhi’s plea against his conviction in defamation case', 6, 7, '<div class=\"article-picture top-pic \" style=\"font-family: Merriweather, serif;\"><p class=\"caption\" style=\"font-family: &quot;Merriweather Sans&quot;, sans-serif; margin-top: 10px; margin-bottom: 15px; line-height: 20px; letter-spacing: -0.2px;\"><br></p></div><div id=\"content-body-67052520\" class=\"articlebodycontent col-xl-9 col-lg-12 col-md-12 col-sm-12 col-12\" itemprop=\"articleBody\" style=\"font-family: Merriweather, serif; flex: 0 0 auto; width: 713.25px; max-width: 100%; float: right;\"><p style=\"font-family: Faustina, serif; margin-bottom: 25px; font-size: 19px; line-height: 28px; letter-spacing: 0.05px;\">The Gujarat High Court on July 7, 2023, refused to stay the conviction and suspend&nbsp;<a href=\"https://www.thehindu.com/news/national/modi-surname-remark-surat-court-convicts-rahul-gandhi-in-defamation-case/article66651933.ece\" target=\"_self\" style=\"font-family: inherit; font-weight: inherit; cursor: pointer; font-size: inherit; color: rgb(176, 0, 32) !important;\">two years jail term awarded to Congress leader Rahul&nbsp;Gandhi in the criminal defamation case</a>&nbsp;in which he has been sentenced to two years in jail by a court in Surat.</p><div><br></div><div class=\"\" id=\"artmeterpv\" style=\"color: rgb(33, 37, 41); font-size: 16px;\"></div></div>', '2023-07-07 12:57:12', NULL, 1, 'Gujarat-High-Court-dismisses-Rahul-Gandhi’s-plea-against-his-conviction-in-defamation-case', 'b3daee78b83c6637101c20ef38a02a3b.jpg', 0);
INSERT INTO `tblposts` (`id`, `PostTitle`, `CategoryId`, `SubCategoryId`, `PostDetails`, `PostingDate`, `UpdationDate`, `Is_Active`, `PostUrl`, `PostImage`, `rating`) VALUES
(64, 'Praful Patel speaks: ‘Daughter had become fulcrum of Sharad Pawar’s actions, NCP’s future was at stake’', 6, 7, '<p style=\"padding: 0px 0px 20px; border: 0px; outline-style: initial; outline-width: 0px; font-size: 16px; vertical-align: baseline; color: rgb(62, 62, 62); font-family: &quot;Droid Serif&quot;, serif; line-height: 28px;\">Praful Patel,&nbsp;<span style=\"margin: 0px; padding: 0px; border: 0px; outline-style: initial; outline-width: 0px; vertical-align: baseline; font-weight: 700;\"><a href=\"https://indianexpress.com/article/cities/mumbai/bhujbal-patel-to-sharad-pawar-bless-us-accept-our-decision-8778929/\" class=\"\" style=\"margin: 0px; padding: 0px; vertical-align: baseline; background-image: initial; background-position: 0px 0px; background-size: initial; background-repeat: initial; background-attachment: initial; background-origin: initial; background-clip: initial; outline-style: initial; outline-width: 0px; color: rgb(52, 111, 153);\">who had been a trusted aide of Sharad Pawar</a></span>, and has now shifted allegiance to Ajit Pawar, acknowledged that only when you are in power can the works of party supporters, members, and the MLAs be fulfilled.</p><p style=\"padding: 0px 0px 20px; border: 0px; outline-style: initial; outline-width: 0px; font-size: 16px; vertical-align: baseline; color: rgb(62, 62, 62); font-family: &quot;Droid Serif&quot;, serif; line-height: 28px;\">Speaking to&nbsp;<em style=\"margin: 0px; padding: 0px; border: 0px; outline-style: initial; outline-width: 0px; vertical-align: baseline;\">The Indian Express</em>, Patel said: “There are two main things that led to this decision… one, Sharad Pawar has himself in the past not been shy of allying with the BJP… two, his daughter has become the fulcrum of all his actions, and he has foisted his decision on everyone.”</p>', '2023-07-07 13:00:56', NULL, 1, 'Praful-Patel-speaks:-‘Daughter-had-become-fulcrum-of-Sharad-Pawar’s-actions,-NCP’s-future-was-at-stake’', 'd09002b2db562437449ad1d075cb69d9.jpg', 0),
(65, 'Rahul Gandhi’s appeal dismissed by Gujarat HC. What does this mean?', 6, 7, '<p style=\"padding: 0px 0px 20px; border: 0px; outline-style: initial; outline-width: 0px; font-size: 16px; vertical-align: baseline; color: rgb(62, 62, 62); font-family: &quot;Droid Serif&quot;, serif; line-height: 28px;\">The Gujarat High Court has dismissed Rahul Gandhi’s plea seeking a stay on his conviction in a criminal defamation case in which he has been sentenced to two years in prison.</p><p style=\"padding: 0px 0px 20px; border: 0px; outline-style: initial; outline-width: 0px; font-size: 16px; vertical-align: baseline; color: rgb(62, 62, 62); font-family: &quot;Droid Serif&quot;, serif; line-height: 28px;\">In April, a sessions court in Surat had dismissed the Congress leader’s appeal against the conviction order passed by a magistrate’s court in the previous month.</p><p class=\"first_intro_para\" style=\"padding: 0px 0px 20px; border: 0px; outline-style: initial; outline-width: 0px; font-size: 16px; vertical-align: baseline; position: relative; color: rgb(62, 62, 62); font-family: &quot;Droid Serif&quot;, serif; line-height: 28px;\">This means that Rahul, who had been elected to&nbsp;<a href=\"https://indianexpress.com/article/india/parliament-monsoon-session-live-updates-rajya-sabha-lok-sabha-8035871/\" class=\"\" style=\"margin: 0px; padding: 0px; vertical-align: baseline; background-image: initial; background-position: 0px 0px; background-size: initial; background-repeat: initial; background-attachment: initial; background-origin: initial; background-clip: initial; outline-style: initial; outline-width: 0px; color: rgb(52, 111, 153);\">Lok Sabha</a>&nbsp;from&nbsp;<a href=\"https://indianexpress.com/elections/wayanad-lok-sabha-election-results/\" class=\"\" style=\"margin: 0px; padding: 0px; vertical-align: baseline; background-image: initial; background-position: 0px 0px; background-size: initial; background-repeat: initial; background-attachment: initial; background-origin: initial; background-clip: initial; outline-style: initial; outline-width: 0px; color: rgb(52, 111, 153);\">Wayanad</a>&nbsp;in Kerala in 2019, remains disqualified from Parliament. He can now go to the Supreme Court to appeal against the decision of the High Court.</p>', '2023-07-07 13:02:14', NULL, 1, 'Rahul-Gandhi’s-appeal-dismissed-by-Gujarat-HC.-What-does-this-mean?', 'b3daee78b83c6637101c20ef38a02a3b.jpg', 0),
(66, 'Behind CM washing feet, MP BJP worry over its hold on tribal ground', 6, 7, '<p style=\"padding: 0px 0px 20px; border: 0px; outline-style: initial; outline-width: 0px; font-size: 16px; vertical-align: baseline; color: rgb(62, 62, 62); font-family: &quot;Droid Serif&quot;, serif; line-height: 28px;\">FROM&nbsp;<a href=\"https://indianexpress.com/article/india/madhya-pradesh-govt-announces-rs-6-5-lakh-relief-for-tribal-man-who-was-urinated-on-8802695/\" style=\"margin: 0px; padding: 0px; vertical-align: baseline; background-image: initial; background-position: 0px 0px; background-size: initial; background-repeat: initial; background-attachment: initial; background-origin: initial; background-clip: initial; outline-style: initial; outline-width: 0px; color: rgb(52, 111, 153);\"><span style=\"margin: 0px; padding: 0px; border: 0px; outline-style: initial; outline-width: 0px; vertical-align: baseline; font-weight: 700;\">WASHING the feet of Dashmat Rawat</span></a>, publicly apologising to him and granting him financial aid, to razing the house of accused Pravesh Shukla and charging him under the NSA, Chief Minister Shivraj Singh Chouhan has acted swiftly to contain the potential damage from the incident of urination on a tribal.</p><p style=\"padding: 0px 0px 20px; border: 0px; outline-style: initial; outline-width: 0px; font-size: 16px; vertical-align: baseline; color: rgb(62, 62, 62); font-family: &quot;Droid Serif&quot;, serif; line-height: 28px;\">Adding to the pressure on the BJP was the Congress allegation that Shukla was a representative of the BJP MLA from Siddhi, Kedarnath Shukla. The MLA, who denied this, was among the BJP leaders who called on Rawat. After he faced protests during his visit to Rawat’s home in Siddhi, where he told the family all about the BJP government’s schemes for tribals, Chouhan stepped in to himself host Rawat in Bhopal</p>', '2023-07-07 13:03:07', NULL, 1, 'Behind-CM-washing-feet,-MP-BJP-worry-over-its-hold-on-tribal-ground', 'dea4cf2fe83457f9962eb2b7a5e2f436.jpg', 0),
(67, 'Delhi court summons BJP MP Brij Bhushan Sharan Singh in wrestlers’ sexual harassment case', 6, 7, '<p style=\"padding: 0px 0px 20px; border: 0px; outline-style: initial; outline-width: 0px; font-size: 16px; vertical-align: baseline; color: rgb(62, 62, 62); font-family: &quot;Droid Serif&quot;, serif; line-height: 28px;\">A Delhi court Friday summoned&nbsp;<a href=\"https://indianexpress.com/article/sports/sport-others/brij-bhushan-the-bahubali-who-was-a-one-man-federation-8656679/\" style=\"margin: 0px; padding: 0px; vertical-align: baseline; background-image: initial; background-position: 0px 0px; background-size: initial; background-repeat: initial; background-attachment: initial; background-origin: initial; background-clip: initial; outline-style: initial; outline-width: 0px; color: rgb(52, 111, 153);\"><span style=\"margin: 0px; padding: 0px; border: 0px; outline-style: initial; outline-width: 0px; vertical-align: baseline; font-weight: 700;\">BJP MP and outgoing Wrestling Federation of India (WFI) chief Brij Bhushan Sharan Singh</span></a>&nbsp;and Vinod Tomar after taking cognizance of the chargesheet filed against them for alleged sexual harassment, assault and stalking of six women wrestlers.</p><p style=\"padding: 0px 0px 20px; border: 0px; outline-style: initial; outline-width: 0px; font-size: 16px; vertical-align: baseline; color: rgb(62, 62, 62); font-family: &quot;Droid Serif&quot;, serif; line-height: 28px;\">Additional Chief Metropolitan Magistrate Harjeet Singh Jaspal at the Rouse Avenue court directed Brij Bhushan and Tomar, the suspended assistant secretary of WFI, to appear on July 18.</p>', '2023-07-07 13:04:36', NULL, 1, 'Delhi-court-summons-BJP-MP-Brij-Bhushan-Sharan-Singh-in-wrestlers’-sexual-harassment-case', '9d1791b81ce7252dd475bde9a60b7010.jpg', 0),
(68, 'Maharashtra Politics News Live Updates: No split in NCP, majority in party supporting Ajit Pawar, says Praful Patel', 6, 7, '<p style=\"padding: 0px 0px 20px; border: 0px; outline-style: initial; outline-width: 0px; font-size: 16px; vertical-align: baseline; color: rgb(62, 62, 62); font-family: &quot;Droid Serif&quot;, serif; line-height: 28px;\"><span style=\"margin: 0px; padding: 0px; border: 0px; outline-style: initial; outline-width: 0px; vertical-align: baseline; font-weight: 700;\">Maharashtra Political Crisis Live Updates (July 7):&nbsp;</span>Dismissing that there has been a split in the Nationalist Congress Party (NCP) Praful Patel, with Maharashtra Deputy CM Ajit Pawar by his side, said that more than 40 MLAs support them and hence they have sought the name and symbol of NCP from the election commission. “NCP held a meeting on June 30 in presence of many MLAs and MLCs at Devgiri. In that meeting, Ajit Pawar was chosen as the leader. He then appointed Praful Patel as national working president. This is not a split. Legislative and organisations back Ajit Pawar with majority,” he said.</p><p style=\"padding: 0px 0px 20px; border: 0px; outline-style: initial; outline-width: 0px; font-size: 16px; vertical-align: baseline; color: rgb(62, 62, 62); font-family: &quot;Droid Serif&quot;, serif; line-height: 28px;\">Meanwhile, politics in Maharashtra has been a rapidly developing landscape over the last few weeks and it continued on Friday with Neelam Gorhe, a Member of Legislative Council from the Uddhav Thackeray-led Shiv Sena (UBT),&nbsp;<a href=\"https://indianexpress.com/article/cities/mumbai/sanjay-raut-shiv-sena-mlas-ubt-eknath-shinde-8803916/\" style=\"margin: 0px; padding: 0px; vertical-align: baseline; background-image: initial; background-position: 0px 0px; background-size: initial; background-repeat: initial; background-attachment: initial; background-origin: initial; background-clip: initial; outline-style: initial; outline-width: 0px; color: rgb(52, 111, 153);\"><span style=\"margin: 0px; padding: 0px; border: 0px; outline-style: initial; outline-width: 0px; vertical-align: baseline; font-weight: 700;\">joining the Eknath Shinde’s faction.</span></a>&nbsp;Gorhe is the third MLC from Shiv Sena (UBT) to switch sides. This came on a day when Shiv Sena (UBT) MP Sanjay Raut said that around 17-18 MLAs from the Eknath Shinde faction were in touch with them.</p>', '2023-07-07 13:05:33', NULL, 1, 'Maharashtra-Politics-News-Live-Updates:-No-split-in-NCP,-majority-in-party-supporting-Ajit-Pawar,-says-Praful-Patel', 'a1a9311a0cf89dc4cfc8cbd451886223jpeg', 0),
(69, 'Gender parity, equality will shape laws to bring in Uniform Civil Code', 6, 7, '<p style=\"padding: 0px 0px 20px; border: 0px; outline-style: initial; outline-width: 0px; font-size: 16px; vertical-align: baseline; color: rgb(62, 62, 62); font-family: &quot;Droid Serif&quot;, serif; line-height: 28px;\">The principles of gender parity and equality before law are likely to shape the contours of the proposed&nbsp;<span style=\"margin: 0px; padding: 0px; border: 0px; outline-style: initial; outline-width: 0px; vertical-align: baseline; font-weight: 700;\"><a href=\"https://indianexpress.com/article/explained/explained-law/pm-modi-pushes-for-uniform-civil-code-how-it-can-impact-different-communities-8689361/\" class=\"\" rel=\"noopener\" target=\"_blank\" style=\"margin: 0px; padding: 0px; vertical-align: baseline; background-image: initial; background-position: 0px 0px; background-size: initial; background-repeat: initial; background-attachment: initial; background-origin: initial; background-clip: initial; outline-style: initial; outline-width: 0px; color: rgb(52, 111, 153);\">Uniform Civil Code</a></span>, suggestions for which have been invited by the Law Commission of India from religious organisations and the public at large.</p><p style=\"padding: 0px 0px 20px; border: 0px; outline-style: initial; outline-width: 0px; font-size: 16px; vertical-align: baseline; color: rgb(62, 62, 62); font-family: &quot;Droid Serif&quot;, serif; line-height: 28px;\">Sources told&nbsp;<em style=\"margin: 0px; padding: 0px; border: 0px; outline-style: initial; outline-width: 0px; vertical-align: baseline;\">The Indian Express</em>&nbsp;that personal laws that clash with the constitutional mandate of gender equality will be examined and addressed in&nbsp;<a href=\"https://indianexpress.com/article/explained/explained-law/pm-modi-pushes-for-uniform-civil-code-how-it-can-impact-different-communities-8689361/\" style=\"margin: 0px; padding: 0px; vertical-align: baseline; background-image: initial; background-position: 0px 0px; background-size: initial; background-repeat: initial; background-attachment: initial; background-origin: initial; background-clip: initial; outline-style: initial; outline-width: 0px; color: rgb(52, 111, 153);\"><span style=\"margin: 0px; padding: 0px; border: 0px; outline-style: initial; outline-width: 0px; vertical-align: baseline; font-weight: 700;\">the proposed UCC.</span></a>&nbsp;These could include laws that allow polygamy or prohibit equal rights for women in inheritance of property or in marriage.</p><p class=\"first_intro_para\" style=\"padding: 0px 0px 20px; border: 0px; outline-style: initial; outline-width: 0px; font-size: 16px; vertical-align: baseline; position: relative; color: rgb(62, 62, 62); font-family: &quot;Droid Serif&quot;, serif; line-height: 28px;\">It is likely that the&nbsp;<a href=\"https://indianexpress.com/article/india/muslim-law-board-on-ucc-majoritarian-morality-cant-supersede-minority-rights-8779762/\" style=\"margin: 0px; padding: 0px; vertical-align: baseline; background-image: initial; background-position: 0px 0px; background-size: initial; background-repeat: initial; background-attachment: initial; background-origin: initial; background-clip: initial; outline-style: initial; outline-width: 0px; color: rgb(52, 111, 153);\"><span style=\"margin: 0px; padding: 0px; border: 0px; outline-style: initial; outline-width: 0px; vertical-align: baseline; font-weight: 700;\">UCC could be a string of tweaks</span></a>&nbsp;in existing laws to bring in broad uniformity in personal laws over a single code governing all aspects of marriage and inheritance, sources indicated.</p>', '2023-07-07 13:07:29', NULL, 1, 'Gender-parity,-equality-will-shape-laws-to-bring-in-Uniform-Civil-Code', 'f26ef01835a7136e8666fa2d622d60a1.jpg', 0),
(70, 'Blind movie review: Sonam Kapoor is ineffective in deadly dull film', 2, 12, '<p style=\"padding: 0px 0px 20px; border: 0px; outline-style: initial; outline-width: 0px; font-size: 16px; vertical-align: baseline; color: rgb(62, 62, 62); font-family: &quot;Droid Serif&quot;, serif; line-height: 28px;\">ased on a 2011 Korean film of the same name, ‘Blind’ gives us the story of a young cop who has lost her sight in a terrible accident. Out of a job, and grieving over a death she has caused, Gia’s (<a href=\"https://indianexpress.com/article/entertainment/bollywood/sonam-kapoor-attends-uk-pm-rishi-sunaks-reception-to-celebrate-uk-india-week-posts-pictures-8691914/\" style=\"margin: 0px; padding: 0px; vertical-align: baseline; background-image: initial; background-position: 0px 0px; background-size: initial; background-repeat: initial; background-attachment: initial; background-origin: initial; background-clip: initial; outline-style: initial; outline-width: 0px; color: rgb(52, 111, 153);\"><span style=\"margin: 0px; padding: 0px; border: 0px; outline-style: initial; outline-width: 0px; vertical-align: baseline; font-weight: 700;\">Sonam Kapoor</span></a>) only solace is her seeing-eye dog Elsa, and the loving woman (Lillette Dubey) who runs the orphanage she grew up in, in Glasgow.</p><p style=\"padding: 0px 0px 20px; border: 0px; outline-style: initial; outline-width: 0px; font-size: 16px; vertical-align: baseline; color: rgb(62, 62, 62); font-family: &quot;Droid Serif&quot;, serif; line-height: 28px;\">And then one day, a chance encounter with a sinister man turns her life upside down. Returning home from a visit to the orphanage, she gets into what she thinks is a taxi, but a few things make her uncomfortable: something moving in the boot (is that a human voice crying out?), the driver’s insistence that she drinks water (is the liquid safe?), and his all-round creepy behaviour. Local girls that have gone missing have been in the headlines: could it be this guy behind it?</p>', '2023-07-07 13:12:44', NULL, 1, 'Blind-movie-review:-Sonam-Kapoor-is-ineffective-in-deadly-dull-film', '527c76ade15c943388af108fd1357396.jpg', 0);

-- --------------------------------------------------------

--
-- Table structure for table `tblsubcategory`
--

CREATE TABLE `tblsubcategory` (
  `SubCategoryId` int(11) NOT NULL,
  `CategoryId` int(11) DEFAULT NULL,
  `Subcategory` varchar(255) DEFAULT NULL,
  `SubCatDescription` mediumtext DEFAULT NULL,
  `PostingDate` timestamp NOT NULL DEFAULT current_timestamp(),
  `UpdationDate` timestamp NULL DEFAULT NULL,
  `Is_Active` int(1) DEFAULT NULL
) ENGINE=InnoDB DEFAULT CHARSET=latin1;

--
-- Dumping data for table `tblsubcategory`
--

INSERT INTO `tblsubcategory` (`SubCategoryId`, `CategoryId`, `Subcategory`, `SubCatDescription`, `PostingDate`, `UpdationDate`, `Is_Active`) VALUES
(3, 5, 'Bollywood ', 'Bollywood masala', '2018-06-22 15:45:38', '0000-00-00 00:00:00', 1),
(4, 3, 'Cricket', 'Cricket\r\n\r\n', '2018-06-30 09:00:43', '0000-00-00 00:00:00', 1),
(5, 3, 'Football', 'Football', '2018-06-30 09:00:58', '0000-00-00 00:00:00', 1),
(6, 5, 'Television', 'TeleVision', '2018-06-30 18:59:22', '0000-00-00 00:00:00', 1),
(7, 6, 'State-news', 'National', '2018-06-30 19:04:29', '0000-00-00 00:00:00', 1),
(8, 6, 'International', 'International', '2018-06-30 19:04:43', '0000-00-00 00:00:00', 1),
(9, 7, 'India', 'India', '2018-06-30 19:08:42', '0000-00-00 00:00:00', 1),
(10, 9, 'Healthy-India', 'Healthy india news', '2023-07-05 07:42:32', NULL, 1),
(11, 9, 'Healthy-India-news', 'Healthy-India-news ', '2023-07-05 07:50:46', NULL, 1),
(12, 2, 'Bollywood news', 'Bollywood news', '2023-07-05 09:42:18', NULL, 1),
(13, 4, 'Business ', 'Business news', '2023-07-05 10:35:45', NULL, 1),
(14, 1, 'Sport news', 'Sport news\r\n', '2023-07-05 10:52:19', NULL, 1);

--
-- Indexes for dumped tables
--

--
-- Indexes for table `tbladmin`
--
ALTER TABLE `tbladmin`
  ADD PRIMARY KEY (`id`);

--
-- Indexes for table `tblcategory`
--
ALTER TABLE `tblcategory`
  ADD PRIMARY KEY (`id`);

--
-- Indexes for table `tblcomments`
--
ALTER TABLE `tblcomments`
  ADD PRIMARY KEY (`id`);

--
-- Indexes for table `tblpages`
--
ALTER TABLE `tblpages`
  ADD PRIMARY KEY (`id`);

--
-- Indexes for table `tblposts`
--
ALTER TABLE `tblposts`
  ADD PRIMARY KEY (`id`);

--
-- Indexes for table `tblsubcategory`
--
ALTER TABLE `tblsubcategory`
  ADD PRIMARY KEY (`SubCategoryId`);

--
-- AUTO_INCREMENT for dumped tables
--

--
-- AUTO_INCREMENT for table `tbladmin`
--
ALTER TABLE `tbladmin`
  MODIFY `id` int(11) NOT NULL AUTO_INCREMENT, AUTO_INCREMENT=2;

--
-- AUTO_INCREMENT for table `tblcategory`
--
ALTER TABLE `tblcategory`
  MODIFY `id` int(11) NOT NULL AUTO_INCREMENT, AUTO_INCREMENT=12;

--
-- AUTO_INCREMENT for table `tblcomments`
--
ALTER TABLE `tblcomments`
  MODIFY `id` int(11) NOT NULL AUTO_INCREMENT, AUTO_INCREMENT=4;

--
-- AUTO_INCREMENT for table `tblpages`
--
ALTER TABLE `tblpages`
  MODIFY `id` int(11) NOT NULL AUTO_INCREMENT, AUTO_INCREMENT=3;

--
-- AUTO_INCREMENT for table `tblposts`
--
ALTER TABLE `tblposts`
  MODIFY `id` int(11) NOT NULL AUTO_INCREMENT, AUTO_INCREMENT=71;

--
-- AUTO_INCREMENT for table `tblsubcategory`
--
ALTER TABLE `tblsubcategory`
  MODIFY `SubCategoryId` int(11) NOT NULL AUTO_INCREMENT, AUTO_INCREMENT=15;
COMMIT;

/*!40101 SET CHARACTER_SET_CLIENT=@OLD_CHARACTER_SET_CLIENT */;
/*!40101 SET CHARACTER_SET_RESULTS=@OLD_CHARACTER_SET_RESULTS */;
/*!40101 SET COLLATION_CONNECTION=@OLD_COLLATION_CONNECTION */;
